Workbook
Name typology: #REF!
Name UNITS: #REF!
Name typology: Dropdowns!$K$4:$K$12
Name structure: Dropdowns!$R$5:$R$11
Name ORT: Dropdowns!$W$4:$W$11
Name countries: Dropdowns!$D$4:$D$252
Name GBDI_L3: BEC_openBDF!$C$2:$C$90
Name GBDI_L5: BEC_openBDF!$E$2:$E$90
Name GBDI_L4: BEC_openBDF!$D$2:$D$90
Name roof: Dropdowns!$AF$4:$AF$7
Name materials: Dropdowns!$AG$38:$AG$56
Name projectype: #REF!
Name CLIMATE: Dropdowns!$I$4:$I$17
Name SOURCE: #REF!
Name SOURCE: Dropdowns!$AI$4:$AI$10
Name structuretype: #REF!
Name UNITS: Dropdowns!$B$4:$B$5
Name countries: 'Attribute Translator'!$A$7:$A$255
Name seismic: #REF!
Name roof: #REF!
Name ORT: #REF!
Name BIOGENIC: Dropdowns!$AB$4:$AB$8
Name GBDI_L2: BEC_openBDF!$B$1:$B$90
Name seismic: #REF!
Name projectype: Dropdowns!$C$4:$C$7
Name lcamodel: #REF!
Name structuretype: Dropdowns!$V$4:$V$5
Name lcamodel: Dropdowns!$AA$4:$AA$7
Name BIOGENIC: #REF!
Name materials: #REF!
Name structure: #REF!
Name CLIMATE: #REF!

Sheet C.log
A1: Change ID | B1: Sheet name | C1: Cell (row, column) | D1: User | E1: Change type | F1: Status | G1: Old input | H1: New input | I1: Notes
A2: 001 | B2: Info (ReadMe) | C2: B3C5 | D2: Zuhaib Batra | E2: Added | F2: Completed
A3: 002 | B3: Admin_info | D3: Martin Röck | E3: Edited | F3: Completed | I3: Merged the sheets admin_info, building_info, LCA_methodology into one joint sheet "General information"
A4: 003 | B4: Admin_info | D4: Martin Röck | E4: Edited | F4: Completed | I4: Activated the filtering function for the "General information" attributes
B5: Admin_info | D5: Martin Röck | E5: Edited | F5: Completed | I5: Adjusted the min/rec/opt settings in "General information"
D6: Martin Röck | E6: Edited | F6: Completed | I6: Edited colors of sheets to align with documentation requirement colors (green = min/mandatory; blue = recommended; grey = optional)

Sheet Info (ReadMe)
A1: Open Building Data Format (OpenBDF)
A2: Version | B2: Internal Working Draft
A3: Date | B3: 45720
A4: Authors | B4: Zuhaib Batra, Nicole Di Santo, Martin Röck
A5: Contact | B5: martin.roeck@riselabs.at
A9: Documentation Requirements
A10: Hidden Cells | B10: Not for the user, only for internal use
A11: Automatic | B11: Read‑only information for display.
A12: Minimum Required | B12: Essential information for compliance with regulations and standards.
A13: Recommended | B13: Recommended information to provide additional insights that are useful for specific projects or detailed analyses.
A14: Optional | B14: Other optional information relevant to other considerations.
A17: Sheet Name Colour
A18: Sheet | B18: OpenBDF SLIM VERSION | C18: OpenBDF FULL VERSION (as a Template from the Platform)
A19: Info (ReadMe) | B19: TRUE | C19: TRUE
A20: General Information | B20: TRUE | C20: TRUE
A21: Materials Database (platform) | B21: FALSE | C21: TRUE
A22: Building Elements Database (platform) | B22: FALSE | C22: TRUE
A23: Building Bill of Materials (platform) | B23: FALSE | C23: TRUE
A24: Building Bill of Materials SLIM | B24: TRUE | C24: TRUE
A25: Building LCA Results Wide | B25: TRUE | C25: TRUE
A26: Building LCA Results_Tall (platform - ONLY PYTHON) | B26: FALSE | C26: TRUE
A27: Dropdowns | B27: FALSE | C27: FALSE
A30: User input (Data and Model)
A31: Type of Cell | B31: Colour Code | C31: Meaning
A32: User Input | B32: Yellow | C32: Editable fields
A33: Error / Missing Value | B33: Red | C33: Needs user attention
A34: Display | B34: Light Blue | C34: Read‑only display
A35: Excluded | B35: Black | C35: Not Applicable
A36: Instructions | B36: Orange | C36: Not editable
A39: Changelog (add new versions on top)
A41: v2.0.1 | B41: 2nd generation OpenBDF
B42: Updated OpenBDF inventory and LCIA data structure
B43: Revised the building level attribute
A47: OpenBDF_v2.0.1_Draft_19.02.2026_MR02_Slim
A52: Definiton

Sheet General Information
A1: Group | B1: Sub-group | C1: Attribute Name | D1: Field CODE | E1: Description | F1: Datatype assigned to the indicator | G1: Constraint | H1: Units | I1: Requirements | J1: Inputs | K1: Units | L1: Reference Formats | O1: Examples
E2: Description of the attribute | F2: Datatype assigned to the indicator | H2: Unit associated with the indicator | I2: Follow documentation requirements! | J2: Enter/select values of your project here. | K2: Enter the units where applicable. | L2: ECHO | M2: CarbEnMats | N2: CLF | O2: These examples are for your reference only.
A3: Project | B3: Administrative data | C3: Project ID | D3: project_id | E3: Unique ID assigned to this specific project. | F3: String (Free text) | G3: string < 200 characters | H3: none | I3: Automatic | L3: TRUE | M3: TRUE | N3: FALSE | O3: e.g. ABC1234
A4: Project | B4: Administrative data | C4: Project Unit System | D4: project_units | E4: Unit system used in the assessment (Imperial Units System (IP, USA); International Units System (SI)). | F4: String (Free text) | G4: dropdown | H4: none | I4: Minimum Required | J4: Metric, International Units System (SI) | L4: TRUE | M4: FALSE | N4: TRUE | O4: Metric, International Units System (SI)
A5: Project | B5: Administrative data | C5: Project Name | D5: project_name | E5: Name of the project (can be anonymized). | F5: String (Free text) | G5: string < 200 characters | H5: none | I5: Recommended | L5: TRUE | M5: FALSE | N5: TRUE | O5: e.g. Brilliant Group Hotel
A6: Project | B6: Administrative data | C6: Project Description | D6: project_description | E6: A general description of the project focusing on its use, function, and extent of work. | F6: String (Free text) | G6: string < 500 characters | H6: none | I6: Optional | L6: FALSE | M6: FALSE | N6: TRUE | O6: e.g. A new hotel on the harbour
A7: Project | B7: Administrative data | C7: Project Construction Type | D7: project_construction_type | E7: New construction, Minor renovation, Major renovation | F7: String (Free text) | G7: dropdown | H7: none | I7: Minimum Required | J7: New construction | L7: TRUE | M7: TRUE | N7: TRUE | O7: New construction
A8: Project | B8: Administrative data | C8: Country | D8: project_country | E8: Country where the project is located. | F8: String (Free text) | G8: dropdown | H8: none | I8: Minimum Required | J8: Argentina | L8: TRUE | M8: TRUE | N8: TRUE | O8: Afghanistan
A9: Project | B9: Administrative data | C9: City | D9: project_city | E9: City where the project is located. | F9: String (Free text) | G9: string < 200 characters | H9: none | I9: Minimum Required | L9: TRUE | M9: FALSE | N9: TRUE | O9: e.g. Potsdam
A10: Project | B10: Administrative data | C10: State | D10: project_state | E10: State, province, or country subdivision where the project is located. | F10: String (Free text) | G10: string < 200 characters | H10: none | I10: Recommended | L10: TRUE | M10: FALSE | N10: TRUE | O10: e.g. Brandenburg
A11: Project | B11: Administrative data | C11: Address | D11: project_address | E11: Address of the project. | F11: String (Free text) | G11: string < 200 characters | H11: none | I11: Recommended | L11: TRUE | M11: FALSE | N11: TRUE | O11: e.g. Voorstrasse 20, 1417 Potsdam
A12: Project | B12: Administrative data | C12: Owner / Client Name | D12: project_owner_name | E12: Individual or entity that owns the project. | F12: String (Free text) | G12: string < 200 characters | H12: none | I12: Optional | L12: TRUE | M12: FALSE | N12: TRUE | O12: e.g. Mr. Brown Alter
A13: Project | B13: Administrative data | C13: Date of Assessment | D13: project_date_assessment | E13: Date of the life-cycle assessment conducted by the assessor. | F13: Numerical [integer] | G13: ISO date | H13: # | I13: Minimum Required | J13: 46064 | L13: TRUE | M13: FALSE | N13: FALSE | O13: 46064
A14: Project | B14: Administrative data | C14: Third Party Verified | D14: project_third_verified | E14: Is the project LCA verified by a third-party? | F14: Boolean [Yes/NO] | G14: boolean | H14: none | I14: Minimum Required | J14: Yes | L14: FALSE | M14: FALSE | N14: FALSE | O14: Yes
A15: Project | B15: Administrative data | C15: Third Party Verifier Name | D15: project_third_verifier_name | E15: Name of the third-party verification person/organisation. | F15: String (Free text) | G15: string < 200 characters | H15: none | I15: Recommended | L15: FALSE | M15: FALSE | N15: FALSE | O15: e.g. Pullmann Consultants, Zurich
A16: Project | B16: Administrative data | C16: Verification Date | D16: project_verification_date | E16: Date of the verification of the assessment by third-party. | F16: Numerical [integer] | G16: ISO date | H16: # | I16: Optional | J16: 46060 | L16: FALSE | M16: FALSE | N16: FALSE | O16: 46060
A17: Project | B17: Administrative data | C17: Certification | D17: project_certification | E17: Type of sustainability certification being applied for the project. | F17: String (Free text) | G17: dropdown | H17: none | I17: Minimum Required | J17: Yes | L17: FALSE | M17: TRUE | N17: FALSE | O17: e.g. LEED
A18: Project | B18: Administrative data | C18: Certification Name | D18: project_certification_name | E18: Type of sustainability certification being applied for the project. | F18: String (Free text) | G18: string < 200 characters | H18: none | I18: Recommended | L18: FALSE | M18: TRUE | N18: FALSE | O18: e.g. LEED
A19: Project | B19: Administrative data | C19: Certification Application Date | D19: pooject_certification_date | E19: Date of application for the sustainability certification for the project. | F19: Numerical [integer] | G19: ISO date | H19: # | I19: Recommended | J19: 46060 | L19: FALSE | M19: FALSE | N19: FALSE | O19: 46061
A20: Project | B20: Administrative data | C20: Certification Application ID | D20: project_certification_id | E20: Unique ID assigned to the certification application. | F20: String (Free text) | G20: string < 200 characters | H20: none | I20: Optional | L20: FALSE | M20: FALSE | N20: FALSE | O20: e.g. ABC1234
A21: Project | B21: Administrative data | C21: Project Permit Application Date | D21: project_ardpit_date | E21: Date of application for construction ardpit. | F21: String (Free text) | G21: string < 200 characters | H21: none | I21: Recommended | J21: 46060 | L21: FALSE | M21: TRUE | N21: FALSE | O21: 46061
A22: Project | B22: Administrative data | C22: Project Permit ID | D22: project_ardpit_id | E22: Unique ID of the project ardpit. | F22: String (Free text) | G22: string < 200 characters | H22: none | I22: Recommended | L22: FALSE | M22: FALSE | N22: FALSE | O22: e.g. ABC1234
A23: Project | B23: Administrative data | C23: Project Total Plot Area | D23: project_plot_area | E23: Total plot area of the project according to national standard. | F23: Numerical [decimal] | G23: numerical | H23: m2 | I23: Recommended | K23: m2 | L23: TRUE | M23: FALSE | N23: FALSE | O23: e.g. 500
A24: Project | B24: Administrative data | C24: No. of Buildings | D24: project_no_of_buildings | E24: Total number of buildings in the project. | F24: Numerical [integer] | G24: numerical | H24: # | I24: Minimum Required | L24: FALSE | M24: FALSE | N24: TRUE | O24: e.g. 5
A25: Project | B25: Administrative data | C25: Project Phase | D25: project_phase | E25: Stage of the project when LCA is conducted (according to national standard) | F25: String (Free text) | G25: dropdown | H25: none | I25: Minimum Required | J25: Preliminary studies | L25: TRUE | M25: FALSE | N25: FALSE | O25: Preliminary studies
A26: Project | B26: Administrative data | C26: Project Design Start Date | D26: project_design_start_date | E26: Project design start date. | F26: Numerical [integer] | G26: ISO date | H26: # | I26: Recommended | J26: 46060 | L26: TRUE | M26: FALSE | N26: FALSE | O26: 46061
A27: Project | B27: Project Stakeholders | C27: Construction Company Name | D27: project_construction_company_name | E27: Name of the company constructing the project. | F27: String (Free text) | G27: string < 200 characters | H27: none | I27: Optional | L27: FALSE | M27: FALSE | N27: FALSE | O27: e.g. Terranova Construction Company
A28: Project | B28: Project Stakeholders | C28: Construction Company Address | D28: project_construction_company_address | E28: Physical location of the construction company. | F28: String (Free text) | G28: string < 200 characters | H28: none | I28: Optional | L28: FALSE | M28: FALSE | N28: FALSE | O28: e.g. Seebachstrasse 21, 5100 Zurich
A29: Project | B29: Project Stakeholders | C29: Contractor Name | D29: project_contractor_name | E29: Name of the contractor executing the construction. | F29: String (Free text) | G29: string < 200 characters | H29: none | I29: Optional | L29: TRUE | M29: FALSE | N29: FALSE | O29: e.g. Regionale Contractors
A30: Project | B30: Project Stakeholders | C30: Architect/ Engineer | D30: project_architect_engineer_name | E30: Name of the architect/engineer appointed on the project | F30: String (Free text) | G30: string < 200 characters | H30: none | I30: Optional | L30: TRUE | M30: FALSE | N30: FALSE | O30: e.g. Peter Sylon
A31: Project | B31: Project Stakeholders | C31: Structural Engineer | D31: project_structural_engineer_name | E31: Name of the engineer appointed on the project | F31: String (Free text) | G31: string < 200 characters | H31: none | I31: Optional | L31: TRUE | M31: FALSE | N31: FALSE | O31: e.g. Peter Sylon
A32: Project | B32: Project Stakeholders | C32: MEP Engineer | D32: project_mep_engineer_name | E32: Name of the MEP Engineer appointed on the project | F32: String (Free text) | G32: string < 200 characters | H32: none | I32: Optional | L32: TRUE | M32: FALSE | N32: FALSE | O32: e.g. Peter Sylon
A33: Project | B33: Project Stakeholders | C33: Environmental Consultant Company | D33: project_environmental_consultant_company | E33: Name of the company conducting the LCA assessment | F33: String (Free text) | G33: string < 200 characters | H33: none | I33: Optional | L33: TRUE | M33: FALSE | N33: FALSE | O33: e.g. Environmental Design Consultants
A34: Project | B34: Project Stakeholders | C34: Environmental Assessor Name | D34: project_environmental_assessor_name | E34: Name of the environmental assessor | F34: String (Free text) | G34: string < 200 characters | H34: none | I34: Optional | L34: TRUE | M34: FALSE | N34: FALSE | O34: e.g. Thomas Casper
A35: Project | B35: Project Stakeholders | C35: Environmental Assessor Contact | D35: project_environmental_assessor_contact | E35: Contact details of the Environmental assessor (e.g. email, phone) | F35: String (Free text) | G35: string < 200 characters | H35: none | I35: Optional | L35: TRUE | M35: TRUE | N35: FALSE | O35: e.g. email or phone number
A36: Building | B36: Building data (general) | C36: Building ID | D36: building_id | E36: Assigned identifier for the building renovated/constructed. | F36: String (Free text) | G36: string < 200 characters | H36: none | I36: Automatic | L36: FALSE | M36: FALSE | N36: FALSE | O36: e.g. ABC1234
A37: Building | B37: Building data (general) | C37: Building GPS Coordinates | D37: building_gps_coordinates | E37: Latitude and longitude of the building project (decimal degrees) | F37: Numerical [decimal] | G37: numerical | H37: # | I37: Recommended | L37: FALSE | M37: FALSE | N37: FALSE | O37: e.g. 41.40338, 2.17403
A38: Building | B38: Building data (general) | C38: ASHRAE Geographic Climate Zone Typologies | D38: building_geographic_climate_zone | E38: Classification of the area's climate based on ASHRAE classification | F38: String (Free text) | G38: dropdown | H38: none | I38: Minimum Required | J38: 2A (Hot - Humid) | L38: TRUE | M38: TRUE | N38: FALSE | O38: 2A (Hot - Humid)
A39: Building | B39: Building data (general) | C39: Altitude | D39: building_altitude | E39: Elevation of the project site above sea level | F39: Numerical [decimal] | G39: numerical | H39: m | I39: Recommended | K39: m | L39: FALSE | M39: FALSE | N39: FALSE | O39: e.g. 200m or 400 ft.
A40: Building | B40: Building data (general) | C40: Seismic Zone | D40: building_seismic_zone | E40: Classification of the area's seismic activity level according to national standard | F40: String (Free text) | G40: dropdown | H40: none | I40: Recommended | J40: SDC A: Minor expected ground shaking. | L40: FALSE | M40: TRUE | N40: TRUE | O40: SDC A: Minor expected ground shaking.
A41: Building | B41: Building data (general) | C41: Building Typology | D41: building_typology | E41: Building category according to national classification (multi-family housing, single-family home etc.). | F41: String (Free text) | G41: dropdown | H41: none | I41: Minimum Required | J41: Multi-family buildings | L41: TRUE | M41: TRUE | N41: FALSE | O41: Multi-family buildings
A42: Building | B42: Building data (general) | C42: No. of Invidual Residential Units | D42: building_residential_units | E42: Total number of individual residential units within the building (if residential asset). | F42: String (Free text) | G42: string < 200 characters | H42: none | I42: Recommended | L42: TRUE | M42: FALSE | N42: TRUE | O42: e.g. 25
A43: Building | B43: Building data (general) | C43: No. of Rooms in the Residential Units | D43: building_rooms | E43: Total number of rooms (if residential asset). | F43: Numerical [decimal] | G43: numerical | H43: # | I43: Optional | L43: FALSE | M43: FALSE | N43: FALSE | O43: e.g. 100
A44: Building | B44: Building data (general) | C44: Energy Classification | D44: building_energy_classification | E44: Energy classifications to assess the building's energy performance (e.g., EPC, SAP Rating, HERS Index, ENERGY STAR, A++, ...). | F44: String (Free text) | G44: dropdown | H44: none | I44: Recommended | J44: EU EPC (European Union Energy Performance Certificate - mandatory across the EU, grades usually A to G) | L44: FALSE | M44: FALSE | N44: FALSE | O44: e.g. A, B, A+
A45: Building | B45: Building data (general) | C45: Construction Start Date | D45: building_construction_start_date | E45: The year the building construction officially started. | F45: Numerical [integer] | G45: ISO date | H45: # | I45: Optional | J45: 46060 | L45: FALSE | M45: FALSE | N45: TRUE | O45: 46060
A46: Building | B46: Building data (general) | C46: Construction End Date | D46: building_construction_end_date | E46: The year the building construction was officially completed and started operating. | F46: Numerical [integer] | G46: ISO date | H46: # | I46: Minimum Required | J46: 46060 | L46: FALSE | M46: TRUE | N46: TRUE | O46: 46060
A47: Building | B47: Building data (general) | C47: Demolished Area | D47: building_demolished_area | E47: Floor area that has been dismantled or destroyed as a part of end-of-life phase. | F47: Numerical [decimal] | G47: numerical | H47: m2 | I47: Optional | J47: 100 | K47: m2 | L47: TRUE | M47: FALSE | N47: TRUE | O47: e.g. 500
A48: Building | B48: Building data (general) | C48: Roof Area | D48: building_roof_area | E48: The total surface area covered by the roof of a building | F48: Numerical [decimal] | G48: numerical | H48: m2 | I48: Recommended | K48: m2 | L48: FALSE | M48: FALSE | N48: FALSE | O48: e.g. 500
A49: Building | B49: Building data (general) | C49: No. of Floors (Below Ground) | D49: building_floors_bg | E49: Number of floor levels situated below the ground level | F49: Numerical [decimal] | G49: numerical | H49: # | I49: Minimum Required | L49: TRUE | M49: FALSE | N49: TRUE | O49: e.g. 2
A50: Building | B50: Building data (general) | C50: No. of Floors (Above Ground) | D50: building_floors_ag | E50: Number of floor levels situated above the ground level | F50: Numerical [decimal] | G50: numerical | H50: # | I50: Minimum Required | L50: TRUE | M50: TRUE | N50: FALSE | O50: e.g. 3
A51: Building | B51: Building data (general) | C51: No. of Parking Spots (In Building) | D51: building_parking_building | E51: Total number of parking spots included in the building perimeter (e.g. in the basement) | F51: Numerical [decimal] | G51: numerical | H51: # | I51: Recommended | L51: FALSE | M51: FALSE | N51: TRUE | O51: e.g. 5
A52: Building | B52: Building data (general) | C52: No. of Parking Spots (Dislocated) | D52: building_parking_dislocated | E52: Total number of parking spot dislocated from the building (on-site, off-site) | F52: Numerical [decimal] | G52: numerical | H52: # | I52: Recommended | L52: FALSE | M52: FALSE | N52: TRUE | O52: e.g. 6
A53: Building | B53: Building data (general) | C53: Building Element Classification Code Name | D53: building_element_classification_code_name | E53: Name of the custom or national building element classification code utilized | F53: String (Free text) | G53: dropdown | H53: none | I53: Minimum Required | J53: AT - ÖNORM B 1801 | L53: FALSE | M53: FALSE | N53: FALSE
A54: Building | B54: Building data (general) | C54: Building Element Classification Code Link | D54: building_element_classification_code_link | E54: Link of the custom or national building element classification code utilized | F54: String (Free text) | G54: string < 500 characters | H54: none | I54: Recommended | J54: AT - ÖNORM B 1801 | L54: FALSE | M54: FALSE | N54: FALSE
A55: Building | B55: Building data (general) | C55: Building Element Classification Code Version | D55: building_element_classification_code_version | E55: Version of the custom or national building element classification code utilized | F55: String (Free text) | G55: numerical | H55: # | I55: Recommended | J55: AT - ÖNORM B 1801 | L55: FALSE | M55: FALSE | N55: FALSE
A56: Building | B56: Building data (general) | C56: Building Element Classification Tier | D56: building_element_classification_tier | E56: Tiers of the custom or national building element classification covered | F56: String (Free text) | G56: dropdown | H56: none | I56: Minimum Required | J56: Element Class (Tier 3): The tertiary hierarchical category of the custom or national building element classification. | L56: FALSE | M56: FALSE | N56: FALSE
A57: Building | B57: Building data (technical) | C57: Building Structure Typology | D57: building_structure_typology | E57: Overall design and construction method of a building: Massive, Timber, Other | F57: String (Free text) | G57: dropdown | H57: none | I57: Minimum Required | J57: Concrete (In-Situ) | L57: FALSE | M57: TRUE | N57: FALSE | O57: Concrete (In-Situ)
A58: Building | B58: Building data (technical) | C58: Prefabricated Elements | D58: building_prefabricated_elements | E58: Building components manufactured off-site in a factory setting and transported to the construction site for assembly, including panels, modules, and sections | F58: Boolean [Yes/NO] | G58: boolean | H58: none | I58: Recommended | J58: Yes | L58: FALSE | M58: FALSE | N58: FALSE | O58: Yes
A59: Building | B59: Building data (technical) | C59: Soil Data | D59: building_soil_data | E59: Information about the catregory of soil (according to national standard) | F59: String (Free text) | G59: dropdown | H59: none | I59: Recommended | J59: sandy gravel | L59: FALSE | M59: FALSE | N59: FALSE | O59: sandy gravel
A60: Building | B60: Building data (technical) | C60: Foundation Type | D60: building_foundation_type | E60: Construction method used to support a building's structure below ground, such as Strip, Raft, Pile or basement foundation | F60: String (Free text) | G60: dropdown | H60: none | I60: Minimum Required | J60: EN1997 - Spread foundation - Strip Footings (Continuous) | L60: FALSE | M60: FALSE | N60: FALSE | O60: Spread foundation- Pad Footings (Isolated)
A61: Building | B61: Building data (technical) | C61: Energy Demand - Thermal | D61: building_energy_demand_thermal | E61: Energy demand for space (e.g., heating /cooling, domestic hot water - DHW). | F61: Numerical [decimal] | G61: numerical | H61: kWh/y | I61: Recommended | K61: kWh | L61: FALSE | M61: FALSE | N61: FALSE | O61: e.g. 100
A62: Building | B62: Building data (technical) | C62: Energy Demand - Electric | D62: building_energy_demand_electricity | E62: Energy demand for electrical equipment (lighting, ventilation, etc.). | F62: Numerical [decimal] | G62: numerical | H62: kWh/y | I62: Recommended | K62: kWh | L62: FALSE | M62: FALSE | N62: FALSE | O62: e.g. 101
A63: Building | B63: Building data (technical) | C63: Energy Supply - Thermal | D63: building_energy_supply_thermal | E63: Energy supply from local thermal RES (e.g., PV, etc.). | F63: Numerical [decimal] | G63: numerical | H63: kWh/y | I63: Recommended | K63: kWh | L63: FALSE | M63: FALSE | N63: FALSE | O63: e.g. 102
A64: Building | B64: Building data (technical) | C64: Energy Supply - Electric | D64: building_energy_supply_electricity | E64: Energy supply from local electrical RES (e.g., solar panel, etc.). | F64: Numerical [decimal] | G64: numerical | H64: kWh/y | I64: Recommended | K64: kWh | L64: FALSE | M64: FALSE | N64: FALSE | O64: e.g. 103
A65: Building | B65: Building data (technical) | C65: Building Primary Energy Source | D65: building_primary_energy_source | E65: Primary energy source for heating/ cooling, DHW. | F65: String (Free text) | G65: dropdown | H65: none | I65: Recommended | J65: Coal | L65: FALSE | M65: TRUE | N65: FALSE | O65: Coal
A66: Building | B66: Building data (technical) | C66: Building BIPV Description | D66: building_bipv_description | E66: Type and scope of BIPV (building integrated PV). If present, mentioning, e.g., area (m²) and power (kWpeak) as well as specific type of the system. | F66: String (Free text) | G66: string < 500 characters | H66: none | I66: Optional | L66: FALSE | M66: TRUE | N66: FALSE
A67: Building | B67: Building data (geometry) | C67: Building Orientation | D67: building_orientation | E67: Building orientiation of the 'main' façade | F67: String (Free text) | G67: dropdown | H67: none | I67: Minimum Required | J67: E = East-facing | L67: FALSE | M67: TRUE | N67: FALSE | O67: E = East-facing
A68: Building | B68: Building data (geometry) | C68: Gross Floor Area (GFA) Measurement Method | D68: building_gross_floor_area_measurement_method | E68: Definition according to national standards | F68: String (Free text) | G68: dropdown | H68: none | I68: Minimum Required | J68: ABNT NBR 12.721 (Brazil), Área Real Global / Área Construída | L68: FALSE | M68: FALSE | N68: FALSE | O68: RICS (UK), Type 2: GIA (Gross Internal Area)
A69: Building | B69: Building data (geometry) | C69: Useful Floor Area (UFA) | D69: building_useful_floor_area | E69: Total area intended for primary use of the building zone including living rooms, bedrooms, offices, classrooms, retail spaces. | F69: Numerical [decimal] | G69: numerical | H69: m2 | I69: Minimum Required | K69: m2 | L69: FALSE | M69: FALSE | N69: FALSE | O69: e.g. 503
A70: Building | B70: Building data (geometry) | C70: Gross Floor Area (GFA) | D70: building_gross_floor_area | E70: Total gross floor area based on the external perimeter of the building geometry, including the area all structural and non-structural elements. | F70: Numerical [decimal] | G70: numerical | H70: m2 | I70: Minimum Required | K70: m2 | L70: TRUE | M70: TRUE | N70: FALSE | O70: e.g. 504
A71: Building | B71: Building data (geometry) | C71: Building Footprint Area | D71: building_footprint | E71: Building footprint, i.e. the area covered by the building on the plot. Considered equivalent to projected roof area. | F71: Numerical [decimal] | G71: numerical | H71: m2 | I71: Recommended | K71: m2 | L71: TRUE | M71: TRUE | N71: TRUE | O71: e.g. 500
A72: Building | B72: Building data (geometry) | C72: Unconditioned Floor Area | D72: building_unconditioned_area | E72: The floor area within the building that is not conditioned. Spaces that are not actively managed for temperature, humidity, and air quality using HVAC systems, providing a controlled and comfortable environment for occupants. | F72: Numerical [decimal] | G72: numerical | H72: m2 | I72: Recommended | K72: m2 | L72: TRUE | M72: TRUE | N72: TRUE | O72: e.g. 501
A73: Building | B73: Building data (geometry) | C73: Conditioned Floor Area | D73: building_conditioned_area | E73: The area used to calculate a building zone energy performance (sum of all enclosed, heated/cooled floor areas of a building where the ambient temperature is maintained above 12°C). | F73: Numerical [decimal] | G73: numerical | H73: m2 | I73: Recommended | K73: m2 | L73: TRUE | M73: TRUE | N73: TRUE | O73: e.g. 502
A74: Building | B74: Building data (geometry) | C74: Circulation Area | D74: building_circulation_area | E74: Total area used for the movement within the building zone including hallway, staircases, elevators and lobbies. | F74: Numerical [decimal] | G74: numerical | H74: m2 | I74: Optional | K74: m2 | L74: FALSE | M74: FALSE | N74: FALSE | O74: e.g. 500
A75: Building | B75: Building data (geometry) | C75: Technical Area | D75: building_technical_area | E75: Total area reserved for building zone services and technical equipment including boiler rooms, electrical rooms, HVAC etc. | F75: Numerical [decimal] | G75: numerical | H75: m2 | I75: Optional | K75: m2 | L75: FALSE | M75: FALSE | N75: FALSE | O75: e.g. 501
A76: Building | B76: Building data (geometry) | C76: Built Floor Area (BFA) | D76: building_built_floor_area | E76: Equals the gross floor area plus parking area located inside the building shell/enclosed attached parking. | F76: Numerical [decimal] | G76: numerical | H76: m2 | I76: Recommended | K76: m2 | L76: TRUE | M76: FALSE | N76: FALSE | O76: e.g. 502
A77: Building | B77: Building data (geometry) | C77: Building Envelope Area | D77: building_envelope_area | E77: Total area of the building envelope (facade and roof). | F77: Numerical [decimal] | G77: numerical | H77: m2 | I77: Recommended | K77: m2 | L77: FALSE | M77: TRUE | N77: TRUE | O77: e.g. 503
A78: Building | B78: Building data (geometry) | C78: Window Area | D78: building_window_area | E78: The combined surface area of all windows in a building. | F78: Numerical [decimal] | G78: numerical | H78: m2 | I78: Recommended | K78: m2 | L78: FALSE | M78: TRUE | N78: FALSE | O78: e.g. 504
A79: Building | B79: Building data (geometry) | C79: Wall Area (Interior) | D79: building_wall_area_interior | E79: The total surface area of internal walls within a building, excluding openings like doors and windows. | F79: Numerical [decimal] | G79: numerical | H79: m2 | I79: Recommended | K79: m2 | L79: FALSE | M79: FALSE | N79: FALSE | O79: e.g. 505
A80: Building | B80: Building data (geometry) | C80: Enclosed Parking Area | D80: Building_enclosed_parking_area | E80: Parking area that is enclosed and/or attached to the building shell. This measurement excludes surface parking lots or parking structures that are entirely separate from the building. | F80: Numerical [decimal] | G80: numerical | H80: m2 | I80: Recommended | K80: m2 | L80: TRUE | M80: FALSE | N80: FALSE | O80: e.g. 506
... A83: Building | B83: Building data (geometry) | C83: Building Volume | D83: building_volume | E83: Volume of the building (gross building volume), i.e. the total space enclosed incl. volume of walls, roofs. | F83: Numerical [decimal] | G83: numerical | H83: m3 | I83: Recommended | K83: m3 | L83: FALSE | M83: TRUE | N83: FALSE | O83: e.g. 50
A84: Building | B84: Building data (geometry) | C84: Occupancy Count | D84: building_occupancy_count | E84: Estimated number of people that a building or space can accommodate (residential: number of beds; office: number of work places/desks). | F84: Numerical [decimal] | G84: numerical | H84: # | I84: Minimum Required | L84: TRUE | M84: TRUE | N84: TRUE | O84: e.g. 10
A85: LCA | B85: Goal & Scope | C85: LCA Goal | D85: lca_goal | E85: Goal of the study | F85: Numerical [integer] | G85: numerical | H85: # | I85: Minimum Required | L85: FALSE | M85: TRUE | N85: FALSE | O85: e.g. Permission from municipal corporation
A86: LCA | B86: Goal & Scope | C86: Reference Unit | D86: lca_reference_unit | E86: Reference unit the results are primary expressed for, as stated in source | F86: Numerical [integer] | G86: numerical | H86: # | I86: Minimum Required | L86: FALSE | M86: FALSE | N86: FALSE | O86: 1 square meter of Gross Floor Area
A87: LCA | B87: LCA inventory | C87: Required Service Life (RSL) | D87: lca_rsl | E87: Duration over which the environmental impacts of a building are assessed, typically ranging from 50 to 100 years | F87: Numerical [integer] | G87: numerical | H87: # | I87: Minimum Required | J87: 50 | K87: years | L87: TRUE | M87: TRUE | N87: TRUE | O87: 50
A88: LCA | B88: Goal & Scope | C88: Functional Unit | D88: lca_functional_unit | E88: Functional unit, i.e., functional equivalence specified for the assessment | F88: String (Free text) | G88: string < 200 characters | H88: none | I88: Minimum Required | L88: FALSE | M88: TRUE | N88: FALSE | O88: office space for 100 people for 50 years
A89: LCA | B89: Administrative data | C89: Building Regulation / Code | D89: project_building_regulation_code | E89: Building regulation and code compliance methodology for calculating carbon emissions across the entire building life cycle (N/A if not known). | F89: String (Free text) | G89: string < 200 characters | H89: none | I89: Minimum Required | L89: FALSE | M89: FALSE | N89: FALSE | O89: e.g. ASHRAE 204p
A90: LCA | B90: LCA inventory | C90: LCA Software Name | D90: lca_software_name | E90: Details of the software used for LCA calculation | F90: String (Free text) | G90: string < 200 characters | H90: none | I90: Recommended | L90: TRUE | M90: TRUE | N90: TRUE | O90: e.g. GBDI tool
A91: LCA | B91: LCA inventory | C91: LCA Software Publisher | D91: lca_software_publisher | E91: Company or entity that publishes the software | F91: String (Free text) | G91: string < 200 characters | H91: none | I91: Optional | L91: FALSE | M91: FALSE | N91: FALSE | O91: e.g. GBDI
A92: LCA | B92: LCA inventory | C92: LCA Software Version | D92: lca_software_version | E92: Specific version number of the software being used | F92: String (Free text) | G92: numerical | H92: # | I92: Optional | L92: TRUE | M92: FALSE | N92: TRUE | O92: e.g. v2.1.1
A93: LCA | B93: LCA impact assessment | C93: LCA Database Name | D93: lca_database_name | E93: Background database name | F93: String (Free text) | G93: string < 200 characters | H93: none | I93: Minimum Required | L93: FALSE | M93: TRUE | N93: FALSE | O93: e.g. ecoinvent
A94: LCA | B94: LCA impact assessment | C94: LCA Database Version | D94: lca_database_version | E94: Background data version (or I-O source) | F94: String (Free text) | G94: numerical | H94: # | I94: Minimum Required | L94: FALSE | M94: TRUE | N94: FALSE | O94: e.g. v3.1
A95: LCA | B95: LCA impact assessment | C95: LCA Temporal Approach | D95: lca_temporal_approach | E95: Type of LCA (e.g., probabilistic, dynamic, probabilistic, prospective) | F95: String (Free text) | G95: string < 200 characters | H95: none | I95: Minimum Required | J95: Dynamic | L95: TRUE | M95: TRUE | N95: FALSE | O95: e.g. Probablistic
A96: LCA | B96: LCA impact assessment | C96: Life Cycle Inventory (LCI) Modeling Approach | D96: lca_lci_modeling_approach | E96: Type of Life Cycle Inventory (LCI) Modeling Approach | F96: String (Free text) | G96: dropdown | H96: none | I96: Minimum Required | J96: Hybrid (A mix of process data and IO data) | L96: FALSE | M96: TRUE | N96: FALSE | O96: Process-based
A97: LCA | B97: LCA impact assessment | C97: Life Cycle Stages | D97: lca_cyle_stages | E97: Different Life Cycle Assessment (LCA) stages depending on where you start and stop measuring | F97: String (Free text) | G97: dropdown | H97: none | I97: Minimum Required | J97: Cradle to Gate with Options (A1–A3 + others) | L97: FALSE | M97: FALSE | N97: FALSE | O97: Cradle to Gate with Options (A1–A3 + others)
A98: LCA | B98: LCA impact assessment | C98: LCIA Methodology | D98: lcia_methodology | E98: Impact assessment method (for GHG emissions, GWP indicator) | F98: String (Free text) | G98: dropdown | H98: none | I98: Minimum Required | J98: EN 15804+A2 (EF 3.0) - Current EU standard | L98: FALSE | M98: TRUE | N98: FALSE | O98: e.g. EN15804+A2, NMD
A99: LCA | B99: LCA impact assessment | C99: Biogenic Carbon | D99: lca_biogenic_carbon | E99: Biogenic carbon included in assessment | F99: Boolean [Yes/NO] | G99: boolean | H99: none | I99: Recommended | J99: Yes | L99: FALSE | M99: FALSE | N99: TRUE | O99: Yes
A100: LCA | B100: LCA impact assessment | C100: Biogenic Carbon Accounting Method | D100: lca_biogenic_method | E100: Method used for biogenic carbon accounting | F100: String (Free text) | G100: dropdown | H100: none | I100: Recommended | J100: -1/+1; | L100: TRUE | M100: FALSE | N100: TRUE | O100: -1/+1;
A101: LCA | B101: LCA impact assessment | C101: LCA Material Quantities Source | D101: lca_material_source | E101: Main source of material quantities | F101: String (Free text) | G101: dropdown | H101: none | I101: Minimum Required | J101: BIM Model | L101: TRUE | M101: FALSE | N101: TRUE | O101: BIM Model
A102: LCA | B102: LCA impact assessment | C102: Global Warming Potential - Total | D102: lca_gwp_total | E102: Life cycle impact included | F102: Boolean [Yes/NO] | G102: boolean | H102: none | I102: Minimum Required | J102: Yes | L102: FALSE | M102: FALSE | N102: FALSE
...

Sheet Materials Database
A1: Attribute | B1: Material Group | C1: Material Name (or ID) | D1: Material Name from EPD database | E1: EPD Database Name | F1: EPD Database Link | G1: Declared Amount | H1: Declared Unit | I1: Reference Service life | J1: Material Density (kg/m3) | K1: Material Weight (kg) | L1: Material Thickness | M1: Material Volume | N1: Type of EPD | O1: LCA stages | P1: LCA module
A2: Description | B2: Material classification / reference | C2: The specific, user-defined identifier for the material. | D2: The precise material designation as cataloged in the associated Environmental Product Declaration (EPD) database. | E2: The nomenclature of the specific Environmental Product Declaration (EPD) dataset used. | F2: The URL of the specific Environmental Product Declaration (EPD) dataset used. | G2: Declared amount in EPD | H2: Declared unit in EPD | I2: Declared reference service life | J2: The mass per unit volume of the custom material. | K2: The absolute physical mass of the custom material. | L2: Declared thickness | M2: Declared volume | N2: List and explanation of the life cycle declared in the EPD. | O2: Life cycle stage(s) of the material (e.g. A1-A3, B1-B4, C2-C4, D) | P2: Life cycle module(s) of the material (e.g. A1, A2, B2, D)
A3: Datatype | B3: String (Free text) | C3: String (Free text) | D3: Categorical (Predefined) | E3: String (Free text) | F3: String (Free text) | G3: Numerical [decimal] | H3: String (Free text) | I3: Numerical [decimal] | J3: Numerical [decimal] | K3: Numerical [decimal] | L3: Numerical [decimal] | M3: Numerical [decimal] | N3: String (Free text) | O3: String (Free text) | P3: String (Free text)
A4: Constraint | B4: dropdown | C4: string < 200 characters | D4: dropdown | E4: string < 200 characters | F4: string < 200 characters | G4: numerical | H4: dropdown | I4: numerical | J4: numerical | K4: numerical | L4: numerical | M4: numerical | N4: dropdown | O4: dropdown | P4: dropdown
A5: Unit | B5: none | C5: none | D5: none | E5: none | F5: none | G5: # | H5: none | I5: # | J5: kg/m3 | K5: kg | L5: (mm) | M5: (m3) | N5: none | O5: none | P5: none
A6: Requirements | B6: Minimum Required | C6: Minimum Required | D6: Recommended | E6: Recommended | F6: Optional | G6: Minimum Required | H6: Minimum Required | I6: Minimum Required | J6: Minimum Required | K6: Minimum Required | L6: Minimum Required | M6: Minimum Required | N6: Minimum Required | O6: Minimum Required | P6: Minimum Required
A7: Instructions | B7: Enter your custom material group. Maximum 200 characters. ↓ | C7: Enter your custom material name. Maximum 200 characters. ↓ | D7: Enter the exact material name as it appears in the EPD database. Maximum 200 characters. ↓ | E7: Enter the name of the EPD dataset. Maximum 200 characters. ↓ | F7: Enter the name of the EPD dataset or provide a direct link to it. Maximum 200 characters. ↓ | G7: Enter the amount of the material from the EPD. ↓ | H7: Enter the unit of the material from the EPD. ↓ | I7: Enter the reference service life of the material from the EPD. ↓ | J7: Enter the density of the material in (kg/m³). ↓ | K7: The total weight of the custom material in kilograms (kg). ↓ | L7: The material thickness in millimeters (mm). ↓ | M7: The material volume in cubic meters (m3). ↓
A8: Field CODE | C8: material_name_custom | D8: material_name_database | E8: epd_dataset | F8: epd_dataset_link | J8: custom_material_density
B9: 1 Bio-based materials/1.1 Wood | D9: Gypsum plasterboard | G9: 1 | H9: m2 | I9: 50 | K9: 3.8 | L9: 100 | M9: 0.1 | N9: Cradle to Gate (A1–A3) | O9: A1–A3: Product Stage | P9: A1: Raw Material Supply – Extraction and processing of raw materials.
B233: [End of table - Add rows above]

Sheet Building Elements Database
A1: Attribute | B1: Building ID/Zone ID | C1: Element Class (Tier 1) | D1: Element Class (Tier 2) | E1: Element Class (Tier 3) | F1: Element Class (Tier 4) | G1: Element Name (or ID) | H1: Above/Below Ground | I1: Area of Building Element
A2: Description | B2: Assign Building/Zone ID (similar to attribute in building_info tab) | C2: Primary (top-level) hierarchical category of the custom or national building element classification. | D2: Secondary hierarchical category of the custom or national building element classification. | E2: The tertiary hierarchical category of the custom or national building element classification. | F2: The quaternary (lowest-level) hierarchical category of the custom or national building element classification. | G2: The specific, user-defined identifier for the building element. | H2: Above ground (AG) or below ground (BG) | I2: Enter the surface area of the building element
A3: Datatype | B3: String (Free text) | C3: String (Free text) | D3: String (Free text) | E3: String (Free text) | F3: String (Free text) | G3: String (Free text) | H3: String (Free text) | I3: Numerical [decimal]
A4: Constraint | B4: string < 200 characters | C4: string < 200 characters | D4: string < 200 characters | E4: string < 200 characters | F4: string < 200 characters | G4: string < 200 characters | H4: dropdown | I4: numerical
A5: Unit | B5: none | C5: none | D5: none | E5: none | F5: none | G5: none | H5: none | I5: m2
A6: Requirements | B6: Minimum Required | C6: Minimum Required | D6: Minimum Required | E6: Recommended | F6: Optional | G6: Recommended | H6: Minimum Required | I6: Recommended
A7: Instructions | C7: Enter the primary (Tier 1) name of you national element class. Maximum 200 characters. ↓ | D7: Enter the secondary (Tier 2) name for your element class. Maximum 200 characters. ↓ | E7: Enter the tertiary (Tier 3) name for your element class. Maximum 200 characters. ↓ | F7: Enter the quaternary (Tier 4) name for your element class. Maximum 200 characters. ↓ | G7: Enter the custom name of your building element. Maximum 200 characters. ↓ | H7: Select from the dropdown the finished floor level is located above or below the surrounding natural or finished ground level. ↓
A8: Field CODE | C8: bec_custom_tier1 | D8: bec_custom_tier2 | E8: bec_custom_tier3 | F8: bec_custom_tier4 | G8: element_name_custom
C9: 1 Sub-structure | D9: 1.1 Foundations and piling | E9: 1.1.1 Foundations and piling | H9: Above ground | I9: 123
B233: [End of table - Add rows above]

Sheet Building Bill of Materials_FULL
A1: Attribute | B1: Floor level | C1: Above/Below Ground | D1: Element Class (Tier 1) | E1: Element Class (Tier 2) | F1: Element Class (Tier 3) | G1: Element Class (Tier 4) | H1: Element Class Description | I1: OpenBDF Building Element Classification | J1: openBDF Building Element class (T1) | K1: openBDF Building Element class (T2) | L1: openBDF Building Element class (T3) | M1: openBDF Building Element class (T4) | N1: Element Name (or ID) | O1: OpenBDF Common Material Classification | P1: Material Name (or ID) | Q1: Material Name from EPD database | R1: EPD Database Name | S1: EPD Database Link | T1: Service life (years) | U1: Material Quantity (m3) | V1: Material Quantity (m2) | W1: Material Quantity (m) | X1: Material Quantity (count) | Y1: Material Weight (kg) | Z1: Density (kg/m3) | AA1: Share of Layer (%) | AB1: LCA stages | AC1: LCA modules
A2: Description | B2: Storey of the building element. | C2: Position of the finished floor level relative to the natural or finished ground elevation. | D2: Primary (top-level) hierarchical category of the custom or national building element classification. | E2: Secondary hierarchical category of the custom or national building element classification. | F2: The tertiary hierarchical category of the custom or national building element classification. | G2: The quaternary (lowest-level) hierarchical category of the custom or national building element classification. | H2: The Description of the custom or national element class. | I2: The highest applicable tier of the building element within the standardized openBDF framework. | J2: The equivalent openBDF Tier 1 (primary) classification mapped to the custom element. | K2: The equivalent openBDF Tier 2 (secondary) classification mapped to the custom element. | L2: The equivalent openBDF Tier 3 (tertiary) classification mapped to the custom element. | M2: The equivalent openBDF Tier 4 (quaternary) classification mapped to the custom element. | N2: The specific, user-defined identifier for the building element. | O2: The corresponding material classification from the standardized openBDF taxonomy. | P2: The specific, user-defined identifier for the material. | Q2: The precise material designation as cataloged in the associated Environmental Product Declaration (EPD) database. | R2: The nomenclature of the specific Environmental Product Declaration (EPD) dataset used. | S2: The URL of the specific Environmental Product Declaration (EPD) dataset used. | T2: Declared reference service life | U2: The measured scalar amount (volume) of the custom material. | V2: The measured scalar amount (area) of the custom material. | W2: The measured scalar amount (length) of the custom material. | X2: The measured scalar amount (count) of the custom material. | Y2: The absolute physical mass of the custom material. | Z2: The mass per unit volume of the custom material. | AA2: The share of layer in the composition of the building element. | AB2: Life cycle stage(s) of the material (e.g. A1-A3, B1-B4, C2-C4, D) | AC2: Life cycle module(s) of the material (e.g. A1, A2, B2, D)
A3: Datatype | B3: Numerical [integer] | C3: Categorical (Predefined) | D3: String (Free text) | E3: String (Free text) | F3: String (Free text) | G3: String (Free text) | H3: String (Free text) | I3: Categorical (Predefined) | N3: String (Free text) | O3: Categorical (Predefined) | P3: String (Free text) | Q3: Categorical (Predefined) | R3: String (Free text) | S3: String (Free text) | T3: Numerical [decimal] | U3: Numerical [decimal] | V3: Numerical [decimal] | W3: Numerical [decimal] | X3: Numerical [decimal] | Y3: Numerical [decimal] | Z3: Numerical [decimal] | AA3: Numerical [decimal] | AB3: Categorical (Predefined) | AC3: Categorical (Predefined)
A4: Constraint | B4: numerical | C4: dropdown | D4: string < 200 characters | E4: string < 200 characters | F4: string < 200 characters | G4: string < 200 characters | H4: string < 200 characters | I4: dropdown | J4: string < 200 characters | K4: string < 200 characters | L4: string < 200 characters | M4: string < 200 characters | N4: string < 200 characters | O4: dropdown | P4: string < 200 characters | Q4: dropdown | R4: string < 200 characters | S4: string < 200 characters | T4: numerical | U4: numerical | V4: numerical | W4: numerical | X4: numerical | Y4: numerical | Z4: numerical | AA4: numerical | AB4: dropdown | AC4: dropdown
A5: Unit | B5: none | C5: none | D5: none | E5: none | F5: none | G5: none | H5: none | I5: none | J5: none | K5: none | L5: none | M5: none | N5: none | O5: none | P5: none | Q5: none | R5: none | S5: none | T5: # | U5: # | V5: # | W5: # | X5: # | Y5: kg | Z5: kg/m3 | AA5: % | AB5: none | AC5: none
A6: Requirements | B6: Minimum Required | C6: Minimum Required | D6: Minimum Required | E6: Minimum Required | F6: Recommended | G6: Optional | H6: Recommended | I6: Recommended | J6: Automatic | K6: Automatic | L6: Automatic | M6: Automatic | N6: Recommended | O6: Minimum Required | P6: Minimum Required | Q6: Recommended | R6: Optional | S6: Optional | T6: Optional | U6: Recommended | V6: Recommended | W6: Recommended | X6: Recommended | Y6: Minimum Required | Z6: Minimum Required | AA6: Recommended | AB6: Minimum Required | AC6: Recommended
A7: User Instructions | B7: Enter the floor level with reference ground floor = 0 floor level above = + number floor level below = - number. ↓ | C7: Select from the dropdown the finished floor level is located above or below the surrounding natural or finished ground level. ↓ | D7: Enter the primary (Tier 1) name of you national element class. Maximum 200 characters. ↓ | E7: Enter the secondary (Tier 2) name for your element class. Maximum 200 characters. ↓ | F7: Enter the tertiary (Tier 3) name for your element class. Maximum 200 characters. ↓ | G7: Enter the quaternary (Tier 4) name for your element class. Maximum 200 characters. ↓ | H7: Provide the description of the element class. Maximum 200 characters. ↓ | I7: Select the highest openBDF Tier that corresponds to your building element from the dropdown menu. ↓ | J7: No action needed. This automatically displays the equivalent openBDF Tier 1 classification. | K7: No action needed. This automatically displays the equivalent openBDF Tier 2 classification. | L7: No action needed. This automatically displays the equivalent openBDF Tier 3 classification. | M7: No action needed. This automatically displays the equivalent openBDF Tier 4 classification. | N7: Enter the custom name of your building element. Maximum 200 characters. ↓ | O7: Select the openBDF material classification that matches your custom material from the dropdown menu. ↓ | P7: Enter your custom material name. Maximum 200 characters. ↓ | Q7: Enter the exact material name as it appears in the EPD database. Maximum 200 characters. ↓ | R7: Enter the name of the EPD dataset or provide a direct link to it. Maximum 200 characters. ↓ | S7: Enter the name of the EPD dataset or provide a direct link to it. Maximum 200 characters. ↓ | T7: Enter the service life of the custom material. ↓ | U7: Enter the total amount of the custom material. ↓ | V7: Enter the total amount of the custom material. ↓ | W7: Enter the total amount of the custom material. ↓ | X7: Enter the total amount of the custom material. ↓ | Y7: Enter the total weight of the custom material in kilograms (kg) as a decimal number. ↓ | Z7: Enter the density of the custom material in kg/m³ as a decimal number. ↓ | AA7: Enter the share of layer in the building element . ↓ | AB7: Select the life cycle stage of the material. ↓ | AC7: Select the life cycle module of the material. ↓
A8: Field CODE | B8: floor_level | C8: above_below_ground | D8: bec_custom_tier1 | E8: bec_custom_tier2 | F8: bec_custom_tier3 | G8: bec_custom_tier4 | H8: bec_custom_description | I8: bec_openbdf_selection | J8: bec_openbdf_tier1 | K8: bec_openbdf_tier2 | L8: bec_openbdf_tier3 | M8: bec_openbdf_tier4 | N8: element_name_custom | O8: openbdf_material_name | P8: material_name_custom | Q8: material_name_database | R8: lca_dataset | S8: lca_dataset_link | T8: lca_service_life | U8: custom_material_quantity_m3 | V8: custom_material_quantity_m2 | W8: custom_material_quantity_m | X8: custom_material_quantity_count | Y8: custom_material_weight_kg | Z8: custom_material_density | AA8: share_layer | AB8: lca_stages | AC8: lca_module
C9: Above ground | I9: 1.1.1.0 Foundations and piling | J9: =IFERROR(__xludf.DUMMYFUNCTION("IF( $I9="""", """", IF( COLUMN()-9 > (1 + LEN(REGEXEXTRACT($I9,""^[0-9.]+"")) - LEN(SUBSTITUTE(REGEXEXTRACT($I9,""^[0-9.]+""),""."",""""))), """", INDEX( BEC_openBDF!$A:$D, MATCH( $I9, INDEX( BEC"&"_openBDF!$A:$D, 0, (1 + LEN(REGEXEXTRACT($I9,""^[0-9.]+"")) - LEN(SUBSTITUTE(REGEXEXTRACT($I9,""^[0-9.]+""),""."",""""))) ), 0 ), COLUMN()-9 ) ) )"),"1 Sub-structure") -> 1 Sub-structure | K9: =IFERROR(__xludf.DUMMYFUNCTION("IF( $I9="""", """", IF( COLUMN()-9 > (1 + LEN(REGEXEXTRACT($I9,""^[0-9.]+"")) - LEN(SUBSTITUTE(REGEXEXTRACT($I9,""^[0-9.]+""),""."",""""))), """", INDEX( BEC_openBDF!$A:$D, MATCH( $I9, INDEX( BEC"&"_openBDF!$A:$D, 0, (1 + LEN(REGEXEXTRACT($I9,""^[0-9.]+"")) - LEN(SUBSTITUTE(REGEXEXTRACT($I9,""^[0-9.]+""),""."",""""))) ), 0 ), COLUMN()-9 ) ) )"),"1.1 Foundations and piling") -> 1.1 Foundations and piling | L9: =IFERROR(__xludf.DUMMYFUNCTION("IF( $I9="""", """", IF( COLUMN()-9 > (1 + LEN(REGEXEXTRACT($I9,""^[0-9.]+"")) - LEN(SUBSTITUTE(REGEXEXTRACT($I9,""^[0-9.]+""),""."",""""))), """", INDEX( BEC_openBDF!$A:$D, MATCH( $I9, INDEX( BEC"&"_openBDF!$A:$D, 0, (1 + LEN(REGEXEXTRACT($I9,""^[0-9.]+"")) - LEN(SUBSTITUTE(REGEXEXTRACT($I9,""^[0-9.]+""),""."",""""))) ), 0 ), COLUMN()-9 ) ) )"),"1.1.1 Foundations and piling") -> 1.1.1 Foundations and piling | M9: =IFERROR(__xludf.DUMMYFUNCTION("IF( $I9="""", """", IF( COLUMN()-9 > (1 + LEN(REGEXEXTRACT($I9,""^[0-9.]+"")) - LEN(SUBSTITUTE(REGEXEXTRACT($I9,""^[0-9.]+""),""."",""""))), """", INDEX( BEC_openBDF!$A:$D, MATCH( $I9, INDEX( BEC"&"_openBDF!$A:$D, 0, (1 + LEN(REGEXEXTRACT($I9,""^[0-9.]+"")) - LEN(SUBSTITUTE(REGEXEXTRACT($I9,""^[0-9.]+""),""."",""""))) ), 0 ), COLUMN()-9 ) ) )"),"1.1.1.0 Foundations and piling") -> 1.1.1.0 Foundations and piling | O9: 1 Bio-based materials/1.1 Wood | Q9: ='Materials Database'!D9 -> Gypsum plasterboard | U9: 200 | Y9: 1000 | AB9: A1-A3
I10: .. | J10: =IFERROR(__xludf.DUMMYFUNCTION("IF( $I10="""", """", IF( COLUMN()-9 > (1 + LEN(REGEXEXTRACT($I10,""^[0-9.]+"")) - LEN(SUBSTITUTE(REGEXEXTRACT($I10,""^[0-9.]+""),""."",""""))), """", INDEX( BEC_openBDF!$A:$D, MATCH( $I10, INDEX( "&" BEC_openBDF!$A:$D, 0, (1 + LEN(REGEXEXTRACT($I10,""^[0-9.]+"")) - LEN(SUBSTITUTE(REGEXEXTRACT($I10,""^[0-9.]+""),""."",""""))) ), 0 ), COLUMN()-9 ) ) )"),"..") -> .. | K10: =IFERROR(__xludf.DUMMYFUNCTION("IF( $I10="""", """", IF( COLUMN()-9 > (1 + LEN(REGEXEXTRACT($I10,""^[0-9.]+"")) - LEN(SUBSTITUTE(REGEXEXTRACT($I10,""^[0-9.]+""),""."",""""))), """", INDEX( BEC_openBDF!$A:$D, MATCH( $I10, INDEX( "&" BEC_openBDF!$A:$D, 0, (1 + LEN(REGEXEXTRACT($I10,""^[0-9.]+"")) - LEN(SUBSTITUTE(REGEXEXTRACT($I10,""^[0-9.]+""),""."",""""))) ), 0 ), COLUMN()-9 ) ) )"),"..") -> .. | L10: =IFERROR(__xludf.DUMMYFUNCTION("IF( $I10="""", """", IF( COLUMN()-9 > (1 + LEN(REGEXEXTRACT($I10,""^[0-9.]+"")) - LEN(SUBSTITUTE(REGEXEXTRACT($I10,""^[0-9.]+""),""."",""""))), """", INDEX( BEC_openBDF!$A:$D, MATCH( $I10, INDEX( "&" BEC_openBDF!$A:$D, 0, (1 + LEN(REGEXEXTRACT($I10,""^[0-9.]+"")) - LEN(SUBSTITUTE(REGEXEXTRACT($I10,""^[0-9.]+""),""."",""""))) ), 0 ), COLUMN()-9 ) ) )"),"..") -> .. | M10: =IFERROR(__xludf.DUMMYFUNCTION("IF( $I10="""", """", IF( COLUMN()-9 > (1 + LEN(REGEXEXTRACT($I10,""^[0-9.]+"")) - LEN(SUBSTITUTE(REGEXEXTRACT($I10,""^[0-9.]+""),""."",""""))), """", INDEX( BEC_openBDF!$A:$D, MATCH( $I10, INDEX( "&" BEC_openBDF!$A:$D, 0, (1 + LEN(REGEXEXTRACT($I10,""^[0-9.]+"")) - LEN(SUBSTITUTE(REGEXEXTRACT($I10,""^[0-9.]+""),""."",""""))) ), 0 ), COLUMN()-9 ) ) )"),"")
I11: .. | J11: =IFERROR(__xludf.DUMMYFUNCTION("IF( $I11="""", """", IF( COLUMN()-9 > (1 + LEN(REGEXEXTRACT($I11,""^[0-9.]+"")) - LEN(SUBSTITUTE(REGEXEXTRACT($I11,""^[0-9.]+""),""."",""""))), """", INDEX( BEC_openBDF!$A:$D, MATCH( $I11, INDEX( "&" BEC_openBDF!$A:$D, 0, (1 + LEN(REGEXEXTRACT($I11,""^[0-9.]+"")) - LEN(SUBSTITUTE(REGEXEXTRACT($I11,""^[0-9.]+""),""."",""""))) ), 0 ), COLUMN()-9 ) ) )"),"..") -> .. | K11: =IFERROR(__xludf.DUMMYFUNCTION("IF( $I11="""", """", IF( COLUMN()-9 > (1 + LEN(REGEXEXTRACT($I11,""^[0-9.]+"")) - LEN(SUBSTITUTE(REGEXEXTRACT($I11,""^[0-9.]+""),""."",""""))), """", INDEX( BEC_openBDF!$A:$D, MATCH( $I11, INDEX( "&" BEC_openBDF!$A:$D, 0, (1 + LEN(REGEXEXTRACT($I11,""^[0-9.]+"")) - LEN(SUBSTITUTE(REGEXEXTRACT($I11,""^[0-9.]+""),""."",""""))) ), 0 ), COLUMN()-9 ) ) )"),"..") -> .. | L11: =IFERROR(__xludf.DUMMYFUNCTION("IF( $I11="""", """", IF( COLUMN()-9 > (1 + LEN(REGEXEXTRACT($I11,""^[0-9.]+"")) - LEN(SUBSTITUTE(REGEXEXTRACT($I11,""^[0-9.]+""),""."",""""))), """", INDEX( BEC_openBDF!$A:$D, MATCH( $I11, INDEX( "&" BEC_openBDF!$A:$D, 0, (1 + LEN(REGEXEXTRACT($I11,""^[0-9.]+"")) - LEN(SUBSTITUTE(REGEXEXTRACT($I11,""^[0-9.]+""),""."",""""))) ), 0 ), COLUMN()-9 ) ) )"),"..") -> .. | M11: =IFERROR(__xludf.DUMMYFUNCTION("IF( $I11="""", """", IF( COLUMN()-9 > (1 + LEN(REGEXEXTRACT($I11,""^[0-9.]+"")) - LEN(SUBSTITUTE(REGEXEXTRACT($I11,""^[0-9.]+""),""."",""""))), """", INDEX( BEC_openBDF!$A:$D, MATCH( $I11, INDEX( "&" BEC_openBDF!$A:$D, 0, (1 + LEN(REGEXEXTRACT($I11,""^[0-9.]+"")) - LEN(SUBSTITUTE(REGEXEXTRACT($I11,""^[0-9.]+""),""."",""""))) ), 0 ), COLUMN()-9 ) ) )"),"")
I12: .. | J12: =IFERROR(__xludf.DUMMYFUNCTION("IF( $I12="""", """", IF( COLUMN()-9 > (1 + LEN(REGEXEXTRACT($I12,""^[0-9.]+"")) - LEN(SUBSTITUTE(REGEXEXTRACT($I12,""^[0-9.]+""),""."",""""))), """", INDEX( BEC_openBDF!$A:$D, MATCH( $I12, INDEX( "&" BEC_openBDF!$A:$D, 0, (1 + LEN(REGEXEXTRACT($I12,""^[0-9.]+"")) - LEN(SUBSTITUTE(REGEXEXTRACT($I12,""^[0-9.]+""),""."",""""))) ), 0 ), COLUMN()-9 ) ) )"),"..") -> .. | K12: =IFERROR(__xludf.DUMMYFUNCTION("IF( $I12="""", """", IF( COLUMN()-9 > (1 + LEN(REGEXEXTRACT($I12,""^[0-9.]+"")) - LEN(SUBSTITUTE(REGEXEXTRACT($I12,""^[0-9.]+""),""."",""""))), """", INDEX( BEC_openBDF!$A:$D, MATCH( $I12, INDEX( "&" BEC_openBDF!$A:$D, 0, (1 + LEN(REGEXEXTRACT($I12,""^[0-9.]+"")) - LEN(SUBSTITUTE(REGEXEXTRACT($I12,""^[0-9.]+""),""."",""""))) ), 0 ), COLUMN()-9 ) ) )"),"..") -> .. | L12: =IFERROR(__xludf.DUMMYFUNCTION("IF( $I12="""", """", IF( COLUMN()-9 > (1 + LEN(REGEXEXTRACT($I12,""^[0-9.]+"")) - LEN(SUBSTITUTE(REGEXEXTRACT($I12,""^[0-9.]+""),""."",""""))), """", INDEX( BEC_openBDF!$A:$D, MATCH( $I12, INDEX( "&" BEC_openBDF!$A:$D, 0, (1 + LEN(REGEXEXTRACT($I12,""^[0-9.]+"")) - LEN(SUBSTITUTE(REGEXEXTRACT($I12,""^[0-9.]+""),""."",""""))) ), 0 ), COLUMN()-9 ) ) )"),"..") -> .. | M12: =IFERROR(__xludf.DUMMYFUNCTION("IF( $I12="""", """", IF( COLUMN()-9 > (1 + LEN(REGEXEXTRACT($I12,""^[0-9.]+"")) - LEN(SUBSTITUTE(REGEXEXTRACT($I12,""^[0-9.]+""),""."",""""))), """", INDEX( BEC_openBDF!$A:$D, MATCH( $I12, INDEX( "&" BEC_openBDF!$A:$D, 0, (1 + LEN(REGEXEXTRACT($I12,""^[0-9.]+"")) - LEN(SUBSTITUTE(REGEXEXTRACT($I12,""^[0-9.]+""),""."",""""))) ), 0 ), COLUMN()-9 ) ) )"),"")
I13: 0.1.1.1 Toxic/contaminated material treatment | J13: =IFERROR(__xludf.DUMMYFUNCTION("IF( $I13="""", """", IF( COLUMN()-9 > (1 + LEN(REGEXEXTRACT($I13,""^[0-9.]+"")) - LEN(SUBSTITUTE(REGEXEXTRACT($I13,""^[0-9.]+""),""."",""""))), """", INDEX( BEC_openBDF!$A:$D, MATCH( $I13, INDEX( "&" BEC_openBDF!$A:$D, 0, (1 + LEN(REGEXEXTRACT($I13,""^[0-9.]+"")) - LEN(SUBSTITUTE(REGEXEXTRACT($I13,""^[0-9.]+""),""."",""""))) ), 0 ), COLUMN()-9 ) ) )"),"0 Treatment and demolition works & Facilitating works") -> 0 Treatment and demolition works & Facilitating works | K13: =IFERROR(__xludf.DUMMYFUNCTION("IF( $I13="""", """", IF( COLUMN()-9 > (1 + LEN(REGEXEXTRACT($I13,""^[0-9.]+"")) - LEN(SUBSTITUTE(REGEXEXTRACT($I13,""^[0-9.]+""),""."",""""))), """", INDEX( BEC_openBDF!$A:$D, MATCH( $I13, INDEX( "&" BEC_openBDF!$A:$D, 0, (1 + LEN(REGEXEXTRACT($I13,""^[0-9.]+"")) - LEN(SUBSTITUTE(REGEXEXTRACT($I13,""^[0-9.]+""),""."",""""))) ), 0 ), COLUMN()-9 ) ) )"),"0.1 Treatment and demolition works & Facilitating works") -> 0.1 Treatment and demolition works & Facilitating works | L13: =IFERROR(__xludf.DUMMYFUNCTION("IF( $I13="""", """", IF( COLUMN()-9 > (1 + LEN(REGEXEXTRACT($I13,""^[0-9.]+"")) - LEN(SUBSTITUTE(REGEXEXTRACT($I13,""^[0-9.]+""),""."",""""))), """", INDEX( BEC_openBDF!$A:$D, MATCH( $I13, INDEX( "&" BEC_openBDF!$A:$D, 0, (1 + LEN(REGEXEXTRACT($I13,""^[0-9.]+"")) - LEN(SUBSTITUTE(REGEXEXTRACT($I13,""^[0-9.]+""),""."",""""))) ), 0 ), COLUMN()-9 ) ) )"),"0.1.1 Toxic/contaminated material treatment & Demolition works") -> 0.1.1 Toxic/contaminated material treatment & Demolition works | M13: =IFERROR(__xludf.DUMMYFUNCTION("IF( $I13="""", """", IF( COLUMN()-9 > (1 + LEN(REGEXEXTRACT($I13,""^[0-9.]+"")) - LEN(SUBSTITUTE(REGEXEXTRACT($I13,""^[0-9.]+""),""."",""""))), """", INDEX( BEC_openBDF!$A:$D, MATCH( $I13, INDEX( "&" BEC_openBDF!$A:$D, 0, (1 + LEN(REGEXEXTRACT($I13,""^[0-9.]+"")) - LEN(SUBSTITUTE(REGEXEXTRACT($I13,""^[0-9.]+""),""."",""""))) ), 0 ), COLUMN()-9 ) ) )"),"0.1.1.1 Toxic/contaminated material treatment ") -> 0.1.1.1 Toxic/contaminated material treatment
I14: .. | J14: =IFERROR(__xludf.DUMMYFUNCTION("IF( $I14="""", """", IF( COLUMN()-9 > (1 + LEN(REGEXEXTRACT($I14,""^[0-9.]+"")) - LEN(SUBSTITUTE(REGEXEXTRACT($I14,""^[0-9.]+""),""."",""""))), """", INDEX( BEC_openBDF!$A:$D, MATCH( $I14, INDEX( "&" BEC_openBDF!$A:$D, 0, (1 + LEN(REGEXEXTRACT($I14,""^[0-9.]+"")) - LEN(SUBSTITUTE(REGEXEXTRACT($I14,""^[0-9.]+""),""."",""""))) ), 0 ), COLUMN()-9 ) ) )"),"..") -> .. | K14: =IFERROR(__xludf.DUMMYFUNCTION("IF( $I14="""", """", IF( COLUMN()-9 > (1 + LEN(REGEXEXTRACT($I14,""^[0-9.]+"")) - LEN(SUBSTITUTE(REGEXEXTRACT($I14,""^[0-9.]+""),""."",""""))), """", INDEX( BEC_openBDF!$A:$D, MATCH( $I14, INDEX( "&" BEC_openBDF!$A:$D, 0, (1 + LEN(REGEXEXTRACT($I14,""^[0-9.]+"")) - LEN(SUBSTITUTE(REGEXEXTRACT($I14,""^[0-9.]+""),""."",""""))) ), 0 ), COLUMN()-9 ) ) )"),"..") -> .. | L14: =IFERROR(__xludf.DUMMYFUNCTION("IF( $I14="""", """", IF( COLUMN()-9 > (1 + LEN(REGEXEXTRACT($I14,""^[0-9.]+"")) - LEN(SUBSTITUTE(REGEXEXTRACT($I14,""^[0-9.]+""),""."",""""))), """", INDEX( BEC_openBDF!$A:$D, MATCH( $I14, INDEX( "&" BEC_openBDF!$A:$D, 0, (1 + LEN(REGEXEXTRACT($I14,""^[0-9.]+"")) - LEN(SUBSTITUTE(REGEXEXTRACT($I14,""^[0-9.]+""),""."",""""))) ), 0 ), COLUMN()-9 ) ) )"),"..") -> .. | M14: =IFERROR(__xludf.DUMMYFUNCTION("IF( $I14="""", """", IF( COLUMN()-9 > (1 + LEN(REGEXEXTRACT($I14,""^[0-9.]+"")) - LEN(SUBSTITUTE(REGEXEXTRACT($I14,""^[0-9.]+""),""."",""""))), """", INDEX( BEC_openBDF!$A:$D, MATCH( $I14, INDEX( "&" BEC_openBDF!$A:$D, 0, (1 + LEN(REGEXEXTRACT($I14,""^[0-9.]+"")) - LEN(SUBSTITUTE(REGEXEXTRACT($I14,""^[0-9.]+""),""."",""""))) ), 0 ), COLUMN()-9 ) ) )"),"")
I15: .. | J15: =IFERROR(__xludf.DUMMYFUNCTION("IF( $I15="""", """", IF( COLUMN()-9 > (1 + LEN(REGEXEXTRACT($I15,""^[0-9.]+"")) - LEN(SUBSTITUTE(REGEXEXTRACT($I15,""^[0-9.]+""),""."",""""))), """", INDEX( BEC_openBDF!$A:$D, MATCH( $I15, INDEX( "&" BEC_openBDF!$A:$D, 0, (1 + LEN(REGEXEXTRACT($I15,""^[0-9.]+"")) - LEN(SUBSTITUTE(REGEXEXTRACT($I15,""^[0-9.]+""),""."",""""))) ), 0 ), COLUMN()-9 ) ) )"),"..") -> .. | K15: =IFERROR(__xludf.DUMMYFUNCTION("IF( $I15="""", """", IF( COLUMN()-9 > (1 + LEN(REGEXEXTRACT($I15,""^[0-9.]+"")) - LEN(SUBSTITUTE(REGEXEXTRACT($I15,""^[0-9.]+""),""."",""""))), """", INDEX( BEC_openBDF!$A:$D, MATCH( $I15, INDEX( "&" BEC_openBDF!$A:$D, 0, (1 + LEN(REGEXEXTRACT($I15,""^[0-9.]+"")) - LEN(SUBSTITUTE(REGEXEXTRACT($I15,""^[0-9.]+""),""."",""""))) ), 0 ), COLUMN()-9 ) ) )"),"..") -> .. | L15: =IFERROR(__xludf.DUMMYFUNCTION("IF( $I15="""", """", IF( COLUMN()-9 > (1 + LEN(REGEXEXTRACT($I15,""^[0-9.]+"")) - LEN(SUBSTITUTE(REGEXEXTRACT($I15,""^[0-9.]+""),""."",""""))), """", INDEX( BEC_openBDF!$A:$D, MATCH( $I15, INDEX( "&" BEC_openBDF!$A:$D, 0, (1 + LEN(REGEXEXTRACT($I15,""^[0-9.]+"")) - LEN(SUBSTITUTE(REGEXEXTRACT($I15,""^[0-9.]+""),""."",""""))) ), 0 ), COLUMN()-9 ) ) )"),"..") -> .. | M15: =IFERROR(__xludf.DUMMYFUNCTION("IF( $I15="""", """", IF( COLUMN()-9 > (1 + LEN(REGEXEXTRACT($I15,""^[0-9.]+"")) - LEN(SUBSTITUTE(REGEXEXTRACT($I15,""^[0-9.]+""),""."",""""))), """", INDEX( BEC_openBDF!$A:$D, MATCH( $I15, INDEX( "&" BEC_openBDF!$A:$D, 0, (1 + LEN(REGEXEXTRACT($I15,""^[0-9.]+"")) - LEN(SUBSTITUTE(REGEXEXTRACT($I15,""^[0-9.]+""),""."",""""))) ), 0 ), COLUMN()-9 ) ) )"),"")
I68: .. | J68: =IFERROR(__xludf.DUMMYFUNCTION("IF( $I68="""", """", IF( COLUMN()-9 > (1 + LEN(REGEXEXTRACT($I68,""^[0-9.]+"")) - LEN(SUBSTITUTE(REGEXEXTRACT($I68,""^[0-9.]+""),""."",""""))), """", INDEX( BEC_openBDF!$A:$D, MATCH( $I68, INDEX( "&" BEC_openBDF!$A:$D, 0, (1 + LEN(REGEXEXTRACT($I68,""^[0-9.]+"")) - LEN(SUBSTITUTE(REGEXEXTRACT($I68,""^[0-9.]+""),""."",""""))) ), 0 ), COLUMN()-9 ) ) )"),"..") -> .. | K68: =IFERROR(__xludf.DUMMYFUNCTION("IF( $I68="""", """", IF( COLUMN()-9 > (1 + LEN(REGEXEXTRACT($I68,""^[0-9.]+"")) - LEN(SUBSTITUTE(REGEXEXTRACT($I68,""^[0-9.]+""),""."",""""))), """", INDEX( BEC_openBDF!$A:$D, MATCH( $I68, INDEX( "&" BEC_openBDF!$A:$D, 0, (1 + LEN(REGEXEXTRACT($I68,""^[0-9.]+"")) - LEN(SUBSTITUTE(REGEXEXTRACT($I68,""^[0-9.]+""),""."",""""))) ), 0 ), COLUMN()-9 ) ) )"),"..") -> .. | L68: =IFERROR(__xludf.DUMMYFUNCTION("IF( $I68="""", """", IF( COLUMN()-9 > (1 + LEN(REGEXEXTRACT($I68,""^[0-9.]+"")) - LEN(SUBSTITUTE(REGEXEXTRACT($I68,""^[0-9.]+""),""."",""""))), """", INDEX( BEC_openBDF!$A:$D, MATCH( $I68, INDEX( "&" BEC_openBDF!$A:$D, 0, (1 + LEN(REGEXEXTRACT($I68,""^[0-9.]+"")) - LEN(SUBSTITUTE(REGEXEXTRACT($I68,""^[0-9.]+""),""."",""""))) ), 0 ), COLUMN()-9 ) ) )"),"..") -> .. | M68: =IFERROR(__xludf.DUMMYFUNCTION("IF( $I68="""", """", IF( COLUMN()-9 > (1 + LEN(REGEXEXTRACT($I68,""^[0-9.]+"")) - LEN(SUBSTITUTE(REGEXEXTRACT($I68,""^[0-9.]+""),""."",""""))), """", INDEX( BEC_openBDF!$A:$D, MATCH( $I68, INDEX( "&" BEC_openBDF!$A:$D, 0, (1 + LEN(REGEXEXTRACT($I68,""^[0-9.]+"")) - LEN(SUBSTITUTE(REGEXEXTRACT($I68,""^[0-9.]+""),""."",""""))) ), 0 ), COLUMN()-9 ) ) )"),"")
I69: .. | J69: =IFERROR(__xludf.DUMMYFUNCTION("IF( $I69="""", """", IF( COLUMN()-9 > (1 + LEN(REGEXEXTRACT($I69,""^[0-9.]+"")) - LEN(SUBSTITUTE(REGEXEXTRACT($I69,""^[0-9.]+""),""."",""""))), """", INDEX( BEC_openBDF!$A:$D, MATCH( $I69, INDEX( "&" BEC_openBDF!$A:$D, 0, (1 + LEN(REGEXEXTRACT($I69,""^[0-9.]+"")) - LEN(SUBSTITUTE(REGEXEXTRACT($I69,""^[0-9.]+""),""."",""""))) ), 0 ), COLUMN()-9 ) ) )"),"..") -> .. | K69: =IFERROR(__xludf.DUMMYFUNCTION("IF( $I69="""", """", IF( COLUMN()-9 > (1 + LEN(REGEXEXTRACT($I69,""^[0-9.]+"")) - LEN(SUBSTITUTE(REGEXEXTRACT($I69,""^[0-9.]+""),""."",""""))), """", INDEX( BEC_openBDF!$A:$D, MATCH( $I69, INDEX( "&" BEC_openBDF!$A:$D, 0, (1 + LEN(REGEXEXTRACT($I69,""^[0-9.]+"")) - LEN(SUBSTITUTE(REGEXEXTRACT($I69,""^[0-9.]+""),""."",""""))) ), 0 ), COLUMN()-9 ) ) )"),"..") -> .. | L69: =IFERROR(__xludf.DUMMYFUNCTION("IF( $I69="""", """", IF( COLUMN()-9 > (1 + LEN(REGEXEXTRACT($I69,""^[0-9.]+"")) - LEN(SUBSTITUTE(REGEXEXTRACT($I69,""^[0-9.]+""),""."",""""))), """", INDEX( BEC_openBDF!$A:$D, MATCH( $I69, INDEX( "&" BEC_openBDF!$A:$D, 0, (1 + LEN(REGEXEXTRACT($I69,""^[0-9.]+"")) - LEN(SUBSTITUTE(REGEXEXTRACT($I69,""^[0-9.]+""),""."",""""))) ), 0 ), COLUMN()-9 ) ) )"),"..") -> .. | M69: =IFERROR(__xludf.DUMMYFUNCTION("IF( $I69="""", """", IF( COLUMN()-9 > (1 + LEN(REGEXEXTRACT($I69,""^[0-9.]+"")) - LEN(SUBSTITUTE(REGEXEXTRACT($I69,""^[0-9.]+""),""."",""""))), """", INDEX( BEC_openBDF!$A:$D, MATCH( $I69, INDEX( "&" BEC_openBDF!$A:$D, 0, (1 + LEN(REGEXEXTRACT($I69,""^[0-9.]+"")) - LEN(SUBSTITUTE(REGEXEXTRACT($I69,""^[0-9.]+""),""."",""""))) ), 0 ), COLUMN()-9 ) ) )"),"")
I70: .. | J70: =IFERROR(__xludf.DUMMYFUNCTION("IF( $I70="""", """", IF( COLUMN()-9 > (1 + LEN(REGEXEXTRACT($I70,""^[0-9.]+"")) - LEN(SUBSTITUTE(REGEXEXTRACT($I70,""^[0-9.]+""),""."",""""))), """", INDEX( BEC_openBDF!$A:$D, MATCH( $I70, INDEX( "&" BEC_openBDF!$A:$D, 0, (1 + LEN(REGEXEXTRACT($I70,""^[0-9.]+"")) - LEN(SUBSTITUTE(REGEXEXTRACT($I70,""^[0-9.]+""),""."",""""))) ), 0 ), COLUMN()-9 ) ) )"),"..") -> .. | K70: =IFERROR(__xludf.DUMMYFUNCTION("IF( $I70="""", """", IF( COLUMN()-9 > (1 + LEN(REGEXEXTRACT($I70,""^[0-9.]+"")) - LEN(SUBSTITUTE(REGEXEXTRACT($I70,""^[0-9.]+""),""."",""""))), """", INDEX( BEC_openBDF!$A:$D, MATCH( $I70, INDEX( "&" BEC_openBDF!$A:$D, 0, (1 + LEN(REGEXEXTRACT($I70,""^[0-9.]+"")) - LEN(SUBSTITUTE(REGEXEXTRACT($I70,""^[0-9.]+""),""."",""""))) ), 0 ), COLUMN()-9 ) ) )"),"..") -> .. | L70: =IFERROR(__xludf.DUMMYFUNCTION("IF( $I70="""", """", IF( COLUMN()-9 > (1 + LEN(REGEXEXTRACT($I70,""^[0-9.]+"")) - LEN(SUBSTITUTE(REGEXEXTRACT($I70,""^[0-9.]+""),""."",""""))), """", INDEX( BEC_openBDF!$A:$D, MATCH( $I70, INDEX( "&" BEC_openBDF!$A:$D, 0, (1 + LEN(REGEXEXTRACT($I70,""^[0-9.]+"")) - LEN(SUBSTITUTE(REGEXEXTRACT($I70,""^[0-9.]+""),""."",""""))) ), 0 ), COLUMN()-9 ) ) )"),"..") -> .. | M70: =IFERROR(__xludf.DUMMYFUNCTION("IF( $I70="""", """", IF( COLUMN()-9 > (1 + LEN(REGEXEXTRACT($I70,""^[0-9.]+"")) - LEN(SUBSTITUTE(REGEXEXTRACT($I70,""^[0-9.]+""),""."",""""))), """", INDEX( BEC_openBDF!$A:$D, MATCH( $I70, INDEX( "&" BEC_openBDF!$A:$D, 0, (1 + LEN(REGEXEXTRACT($I70,""^[0-9.]+"")) - LEN(SUBSTITUTE(REGEXEXTRACT($I70,""^[0-9.]+""),""."",""""))) ), 0 ), COLUMN()-9 ) ) )"),"")
I71: .. | J71: =IFERROR(__xludf.DUMMYFUNCTION("IF( $I71="""", """", IF( COLUMN()-9 > (1 + LEN(REGEXEXTRACT($I71,""^[0-9.]+"")) - LEN(SUBSTITUTE(REGEXEXTRACT($I71,""^[0-9.]+""),""."",""""))), """", INDEX( BEC_openBDF!$A:$D, MATCH( $I71, INDEX( "&" BEC_openBDF!$A:$D, 0, (1 + LEN(REGEXEXTRACT($I71,""^[0-9.]+"")) - LEN(SUBSTITUTE(REGEXEXTRACT($I71,""^[0-9.]+""),""."",""""))) ), 0 ), COLUMN()-9 ) ) )"),"..") -> .. | K71: =IFERROR(__xludf.DUMMYFUNCTION("IF( $I71="""", """", IF( COLUMN()-9 > (1 + LEN(REGEXEXTRACT($I71,""^[0-9.]+"")) - LEN(SUBSTITUTE(REGEXEXTRACT($I71,""^[0-9.]+""),""."",""""))), """", INDEX( BEC_openBDF!$A:$D, MATCH( $I71, INDEX( "&" BEC_openBDF!$A:$D, 0, (1 + LEN(REGEXEXTRACT($I71,""^[0-9.]+"")) - LEN(SUBSTITUTE(REGEXEXTRACT($I71,""^[0-9.]+""),""."",""""))) ), 0 ), COLUMN()-9 ) ) )"),"..") -> .. | L71: =IFERROR(__xludf.DUMMYFUNCTION("IF( $I71="""", """", IF( COLUMN()-9 > (1 + LEN(REGEXEXTRACT($I71,""^[0-9.]+"")) - LEN(SUBSTITUTE(REGEXEXTRACT($I71,""^[0-9.]+""),""."",""""))), """", INDEX( BEC_openBDF!$A:$D, MATCH( $I71, INDEX( "&" BEC_openBDF!$A:$D, 0, (1 + LEN(REGEXEXTRACT($I71,""^[0-9.]+"")) - LEN(SUBSTITUTE(REGEXEXTRACT($I71,""^[0-9.]+""),""."",""""))) ), 0 ), COLUMN()-9 ) ) )"),"..") -> .. | M71: =IFERROR(__xludf.DUMMYFUNCTION("IF( $I71="""", """", IF( COLUMN()-9 > (1 + LEN(REGEXEXTRACT($I71,""^[0-9.]+"")) - LEN(SUBSTITUTE(REGEXEXTRACT($I71,""^[0-9.]+""),""."",""""))), """", INDEX( BEC_openBDF!$A:$D, MATCH( $I71, INDEX( "&" BEC_openBDF!$A:$D, 0, (1 + LEN(REGEXEXTRACT($I71,""^[0-9.]+"")) - LEN(SUBSTITUTE(REGEXEXTRACT($I71,""^[0-9.]+""),""."",""""))) ), 0 ), COLUMN()-9 ) ) )"),"")
I72: .. | J72: =IFERROR(__xludf.DUMMYFUNCTION("IF( $I72="""", """", IF( COLUMN()-9 > (1 + LEN(REGEXEXTRACT($I72,""^[0-9.]+"")) - LEN(SUBSTITUTE(REGEXEXTRACT($I72,""^[0-9.]+""),""."",""""))), """", INDEX( BEC_openBDF!$A:$D, MATCH( $I72, INDEX( "&" BEC_openBDF!$A:$D, 0, (1 + LEN(REGEXEXTRACT($I72,""^[0-9.]+"")) - LEN(SUBSTITUTE(REGEXEXTRACT($I72,""^[0-9.]+""),""."",""""))) ), 0 ), COLUMN()-9 ) ) )"),"..") -> .. | K72: =IFERROR(__xludf.DUMMYFUNCTION("IF( $I72="""", """", IF( COLUMN()-9 > (1 + LEN(REGEXEXTRACT($I72,""^[0-9.]+"")) - LEN(SUBSTITUTE(REGEXEXTRACT($I72,""^[0-9.]+""),""."",""""))), """", INDEX( BEC_openBDF!$A:$D, MATCH( $I72, INDEX( "&" BEC_openBDF!$A:$D, 0, (1 + LEN(REGEXEXTRACT($I72,""^[0-9.]+"")) - LEN(SUBSTITUTE(REGEXEXTRACT($I72,""^[0-9.]+""),""."",""""))) ), 0 ), COLUMN()-9 ) ) )"),"..") -> .. | L72: =IFERROR(__xludf.DUMMYFUNCTION("IF( $I72="""", """", IF( COLUMN()-9 > (1 + LEN(REGEXEXTRACT($I72,""^[0-9.]+"")) - LEN(SUBSTITUTE(REGEXEXTRACT($I72,""^[0-9.]+""),""."",""""))), """", INDEX( BEC_openBDF!$A:$D, MATCH( $I72, INDEX( "&" BEC_openBDF!$A:$D, 0, (1 + LEN(REGEXEXTRACT($I72,""^[0-9.]+"")) - LEN(SUBSTITUTE(REGEXEXTRACT($I72,""^[0-9.]+""),""."",""""))) ), 0 ), COLUMN()-9 ) ) )"),"..") -> .. | M72: =IFERROR(__xludf.DUMMYFUNCTION("IF( $I72="""", """", IF( COLUMN()-9 > (1 + LEN(REGEXEXTRACT($I72,""^[0-9.]+"")) - LEN(SUBSTITUTE(REGEXEXTRACT($I72,""^[0-9.]+""),""."",""""))), """", INDEX( BEC_openBDF!$A:$D, MATCH( $I72, INDEX( "&" BEC_openBDF!$A:$D, 0, (1 + LEN(REGEXEXTRACT($I72,""^[0-9.]+"")) - LEN(SUBSTITUTE(REGEXEXTRACT($I72,""^[0-9.]+""),""."",""""))) ), 0 ), COLUMN()-9 ) ) )"),"")
I73: .. | J73: =IFERROR(__xludf.DUMMYFUNCTION("IF( $I73="""", """", IF( COLUMN()-9 > (1 + LEN(REGEXEXTRACT($I73,""^[0-9.]+"")) - LEN(SUBSTITUTE(REGEXEXTRACT($I73,""^[0-9.]+""),""."",""""))), """", INDEX( BEC_openBDF!$A:$D, MATCH( $I73, INDEX( "&" BEC_openBDF!$A:$D, 0, (1 + LEN(REGEXEXTRACT($I73,""^[0-9.]+"")) - LEN(SUBSTITUTE(REGEXEXTRACT($I73,""^[0-9.]+""),""."",""""))) ), 0 ), COLUMN()-9 ) ) )"),"..") -> .. | K73: =IFERROR(__xludf.DUMMYFUNCTION("IF( $I73="""", """", IF( COLUMN()-9 > (1 + LEN(REGEXEXTRACT($I73,""^[0-9.]+"")) - LEN(SUBSTITUTE(REGEXEXTRACT($I73,""^[0-9.]+""),""."",""""))), """", INDEX( BEC_openBDF!$A:$D, MATCH( $I73, INDEX( "&" BEC_openBDF!$A:$D, 0, (1 + LEN(REGEXEXTRACT($I73,""^[0-9.]+"")) - LEN(SUBSTITUTE(REGEXEXTRACT($I73,""^[0-9.]+""),""."",""""))) ), 0 ), COLUMN()-9 ) ) )"),"..") -> .. | L73: =IFERROR(__xludf.DUMMYFUNCTION("IF( $I73="""", """", IF( COLUMN()-9 > (1 + LEN(REGEXEXTRACT($I73,""^[0-9.]+"")) - LEN(SUBSTITUTE(REGEXEXTRACT($I73,""^[0-9.]+""),""."",""""))), """", INDEX( BEC_openBDF!$A:$D, MATCH( $I73, INDEX( "&" BEC_openBDF!$A:$D, 0, (1 + LEN(REGEXEXTRACT($I73,""^[0-9.]+"")) - LEN(SUBSTITUTE(REGEXEXTRACT($I73,""^[0-9.]+""),""."",""""))) ), 0 ), COLUMN()-9 ) ) )"),"..") -> .. | M73: =IFERROR(__xludf.DUMMYFUNCTION("IF( $I73="""", """", IF( COLUMN()-9 > (1 + LEN(REGEXEXTRACT($I73,""^[0-9.]+"")) - LEN(SUBSTITUTE(REGEXEXTRACT($I73,""^[0-9.]+""),""."",""""))), """", INDEX( BEC_openBDF!$A:$D, MATCH( $I73, INDEX( "&" BEC_openBDF!$A:$D, 0, (1 + LEN(REGEXEXTRACT($I73,""^[0-9.]+"")) - LEN(SUBSTITUTE(REGEXEXTRACT($I73,""^[0-9.]+""),""."",""""))) ), 0 ), COLUMN()-9 ) ) )"),"")
I74: .. | J74: =IFERROR(__xludf.DUMMYFUNCTION("IF( $I74="""", """", IF( COLUMN()-9 > (1 + LEN(REGEXEXTRACT($I74,""^[0-9.]+"")) - LEN(SUBSTITUTE(REGEXEXTRACT($I74,""^[0-9.]+""),""."",""""))), """", INDEX( BEC_openBDF!$A:$D, MATCH( $I74, INDEX( "&" BEC_openBDF!$A:$D, 0, (1 + LEN(REGEXEXTRACT($I74,""^[0-9.]+"")) - LEN(SUBSTITUTE(REGEXEXTRACT($I74,""^[0-9.]+""),""."",""""))) ), 0 ), COLUMN()-9 ) ) )"),"..") -> .. | K74: =IFERROR(__xludf.DUMMYFUNCTION("IF( $I74="""", """", IF( COLUMN()-9 > (1 + LEN(REGEXEXTRACT($I74,""^[0-9.]+"")) - LEN(SUBSTITUTE(REGEXEXTRACT($I74,""^[0-9.]+""),""."",""""))), """", INDEX( BEC_openBDF!$A:$D, MATCH( $I74, INDEX( "&" BEC_openBDF!$A:$D, 0, (1 + LEN(REGEXEXTRACT($I74,""^[0-9.]+"")) - LEN(SUBSTITUTE(REGEXEXTRACT($I74,""^[0-9.]+""),""."",""""))) ), 0 ), COLUMN()-9 ) ) )"),"..") -> .. | L74: =IFERROR(__xludf.DUMMYFUNCTION("IF( $I74="""", """", IF( COLUMN()-9 > (1 + LEN(REGEXEXTRACT($I74,""^[0-9.]+"")) - LEN(SUBSTITUTE(REGEXEXTRACT($I74,""^[0-9.]+""),""."",""""))), """", INDEX( BEC_openBDF!$A:$D, MATCH( $I74, INDEX( "&" BEC_openBDF!$A:$D, 0, (1 + LEN(REGEXEXTRACT($I74,""^[0-9.]+"")) - LEN(SUBSTITUTE(REGEXEXTRACT($I74,""^[0-9.]+""),""."",""""))) ), 0 ), COLUMN()-9 ) ) )"),"..") -> .. | M74: =IFERROR(__xludf.DUMMYFUNCTION("IF( $I74="""", """", IF( COLUMN()-9 > (1 + LEN(REGEXEXTRACT($I74,""^[0-9.]+"")) - LEN(SUBSTITUTE(REGEXEXTRACT($I74,""^[0-9.]+""),""."",""""))), """", INDEX( BEC_openBDF!$A:$D, MATCH( $I74, INDEX( "&" BEC_openBDF!$A:$D, 0, (1 + LEN(REGEXEXTRACT($I74,""^[0-9.]+"")) - LEN(SUBSTITUTE(REGEXEXTRACT($I74,""^[0-9.]+""),""."",""""))) ), 0 ), COLUMN()-9 ) ) )"),"")
I75: .. | J75: =IFERROR(__xludf.DUMMYFUNCTION("IF( $I75="""", """", IF( COLUMN()-9 > (1 + LEN(REGEXEXTRACT($I75,""^[0-9.]+"")) - LEN(SUBSTITUTE(REGEXEXTRACT($I75,""^[0-9.]+""),""."",""""))), """", INDEX( BEC_openBDF!$A:$D, MATCH( $I75, INDEX( "&" BEC_openBDF!$A:$D, 0, (1 + LEN(REGEXEXTRACT($I75,""^[0-9.]+"")) - LEN(SUBSTITUTE(REGEXEXTRACT($I75,""^[0-9.]+""),""."",""""))) ), 0 ), COLUMN()-9 ) ) )"),"..") -> .. | K75: =IFERROR(__xludf.DUMMYFUNCTION("IF( $I75="""", """", IF( COLUMN()-9 > (1 + LEN(REGEXEXTRACT($I75,""^[0-9.]+"")) - LEN(SUBSTITUTE(REGEXEXTRACT($I75,""^[0-9.]+""),""."",""""))), """", INDEX( BEC_openBDF!$A:$D, MATCH( $I75, INDEX( "&" BEC_openBDF!$A:$D, 0, (1 + LEN(REGEXEXTRACT($I75,""^[0-9.]+"")) - LEN(SUBSTITUTE(REGEXEXTRACT($I75,""^[0-9.]+""),""."",""""))) ), 0 ), COLUMN()-9 ) ) )"),"..") -> .. | L75: =IFERROR(__xludf.DUMMYFUNCTION("IF( $I75="""", """", IF( COLUMN()-9 > (1 + LEN(REGEXEXTRACT($I75,""^[0-9.]+"")) - LEN(SUBSTITUTE(REGEXEXTRACT($I75,""^[0-9.]+""),""."",""""))), """", INDEX( BEC_openBDF!$A:$D, MATCH( $I75, INDEX( "&" BEC_openBDF!$A:$D, 0, (1 + LEN(REGEXEXTRACT($I75,""^[0-9.]+"")) - LEN(SUBSTITUTE(REGEXEXTRACT($I75,""^[0-9.]+""),""."",""""))) ), 0 ), COLUMN()-9 ) ) )"),"..") -> .. | M75: =IFERROR(__xludf.DUMMYFUNCTION("IF( $I75="""", """", IF( COLUMN()-9 > (1 + LEN(REGEXEXTRACT($I75,""^[0-9.]+"")) - LEN(SUBSTITUTE(REGEXEXTRACT($I75,""^[0-9.]+""),""."",""""))), """", INDEX( BEC_openBDF!$A:$D, MATCH( $I75, INDEX( "&" BEC_openBDF!$A:$D, 0, (1 + LEN(REGEXEXTRACT($I75,""^[0-9.]+"")) - LEN(SUBSTITUTE(REGEXEXTRACT($I75,""^[0-9.]+""),""."",""""))) ), 0 ), COLUMN()-9 ) ) )"),"")
I76: .. | J76: =IFERROR(__xludf.DUMMYFUNCTION("IF( $I76="""", """", IF( COLUMN()-9 > (1 + LEN(REGEXEXTRACT($I76,""^[0-9.]+"")) - LEN(SUBSTITUTE(REGEXEXTRACT($I76,""^[0-9.]+""),""."",""""))), """", INDEX( BEC_openBDF!$A:$D, MATCH( $I76, INDEX( "&" BEC_openBDF!$A:$D, 0, (1 + LEN(REGEXEXTRACT($I76,""^[0-9.]+"")) - LEN(SUBSTITUTE(REGEXEXTRACT($I76,""^[0-9.]+""),""."",""""))) ), 0 ), COLUMN()-9 ) ) )"),"..") -> .. | K76: =IFERROR(__xludf.DUMMYFUNCTION("IF( $I76="""", """", IF( COLUMN()-9 > (1 + LEN(REGEXEXTRACT($I76,""^[0-9.]+"")) - LEN(SUBSTITUTE(REGEXEXTRACT($I76,""^[0-9.]+""),""."",""""))), """", INDEX( BEC_openBDF!$A:$D, MATCH( $I76, INDEX( "&" BEC_openBDF!$A:$D, 0, (1 + LEN(REGEXEXTRACT($I76,""^[0-9.]+"")) - LEN(SUBSTITUTE(REGEXEXTRACT($I76,""^[0-9.]+""),""."",""""))) ), 0 ), COLUMN()-9 ) ) )"),"..") -> .. | L76: =IFERROR(__xludf.DUMMYFUNCTION("IF( $I76="""", """", IF( COLUMN()-9 > (1 + LEN(REGEXEXTRACT($I76,""^[0-9.]+"")) - LEN(SUBSTITUTE(REGEXEXTRACT($I76,""^[0-9.]+""),""."",""""))), """", INDEX( BEC_openBDF!$A:$D, MATCH( $I76, INDEX( "&" BEC_openBDF!$A:$D, 0, (1 + LEN(REGEXEXTRACT($I76,""^[0-9.]+"")) - LEN(SUBSTITUTE(REGEXEXTRACT($I76,""^[0-9.]+""),""."",""""))) ), 0 ), COLUMN()-9 ) ) )"),"..") -> .. | M76: =IFERROR(__xludf.DUMMYFUNCTION("IF( $I76="""", """", IF( COLUMN()-9 > (1 + LEN(REGEXEXTRACT($I76,""^[0-9.]+"")) - LEN(SUBSTITUTE(REGEXEXTRACT($I76,""^[0-9.]+""),""."",""""))), """", INDEX( BEC_openBDF!$A:$D, MATCH( $I76, INDEX( "&" BEC_openBDF!$A:$D, 0, (1 + LEN(REGEXEXTRACT($I76,""^[0-9.]+"")) - LEN(SUBSTITUTE(REGEXEXTRACT($I76,""^[0-9.]+""),""."",""""))) ), 0 ), COLUMN()-9 ) ) )"),"")
I77: .. | J77: =IFERROR(__xludf.DUMMYFUNCTION("IF( $I77="""", """", IF( COLUMN()-9 > (1 + LEN(REGEXEXTRACT($I77,""^[0-9.]+"")) - LEN(SUBSTITUTE(REGEXEXTRACT($I77,""^[0-9.]+""),""."",""""))), """", INDEX( BEC_openBDF!$A:$D, MATCH( $I77, INDEX( "&" BEC_openBDF!$A:$D, 0, (1 + LEN(REGEXEXTRACT($I77,""^[0-9.]+"")) - LEN(SUBSTITUTE(REGEXEXTRACT($I77,""^[0-9.]+""),""."",""""))) ), 0 ), COLUMN()-9 ) ) )"),"..") -> .. | K77: =IFERROR(__xludf.DUMMYFUNCTION("IF( $I77="""", """", IF( COLUMN()-9 > (1 + LEN(REGEXEXTRACT($I77,""^[0-9.]+"")) - LEN(SUBSTITUTE(REGEXEXTRACT($I77,""^[0-9.]+""),""."",""""))), """", INDEX( BEC_openBDF!$A:$D, MATCH( $I77, INDEX( "&" BEC_openBDF!$A:$D, 0, (1 + LEN(REGEXEXTRACT($I77,""^[0-9.]+"")) - LEN(SUBSTITUTE(REGEXEXTRACT($I77,""^[0-9.]+""),""."",""""))) ), 0 ), COLUMN()-9 ) ) )"),"..") -> .. | L77: =IFERROR(__xludf.DUMMYFUNCTION("IF( $I77="""", """", IF( COLUMN()-9 > (1 + LEN(REGEXEXTRACT($I77,""^[0-9.]+"")) - LEN(SUBSTITUTE(REGEXEXTRACT($I77,""^[0-9.]+""),""."",""""))), """", INDEX( BEC_openBDF!$A:$D, MATCH( $I77, INDEX( "&" BEC_openBDF!$A:$D, 0, (1 + LEN(REGEXEXTRACT($I77,""^[0-9.]+"")) - LEN(SUBSTITUTE(REGEXEXTRACT($I77,""^[0-9.]+""),""."",""""))) ), 0 ), COLUMN()-9 ) ) )"),"..") -> .. | M77: =IFERROR(__xludf.DUMMYFUNCTION("IF( $I77="""", """", IF( COLUMN()-9 > (1 + LEN(REGEXEXTRACT($I77,""^[0-9.]+"")) - LEN(SUBSTITUTE(REGEXEXTRACT($I77,""^[0-9.]+""),""."",""""))), """", INDEX( BEC_openBDF!$A:$D, MATCH( $I77, INDEX( "&" BEC_openBDF!$A:$D, 0, (1 + LEN(REGEXEXTRACT($I77,""^[0-9.]+"")) - LEN(SUBSTITUTE(REGEXEXTRACT($I77,""^[0-9.]+""),""."",""""))) ), 0 ), COLUMN()-9 ) ) )"),"")
I78: .. | J78: =IFERROR(__xludf.DUMMYFUNCTION("IF( $I78="""", """", IF( COLUMN()-9 > (1 + LEN(REGEXEXTRACT($I78,""^[0-9.]+"")) - LEN(SUBSTITUTE(REGEXEXTRACT($I78,""^[0-9.]+""),""."",""""))), """", INDEX( BEC_openBDF!$A:$D, MATCH( $I78, INDEX( "&" BEC_openBDF!$A:$D, 0, (1 + LEN(REGEXEXTRACT($I78,""^[0-9.]+"")) - LEN(SUBSTITUTE(REGEXEXTRACT($I78,""^[0-9.]+""),""."",""""))) ), 0 ), COLUMN()-9 ) ) )"),"..") -> .. | K78: =IFERROR(__xludf.DUMMYFUNCTION("IF( $I78="""", """", IF( COLUMN()-9 > (1 + LEN(REGEXEXTRACT($I78,""^[0-9.]+"")) - LEN(SUBSTITUTE(REGEXEXTRACT($I78,""^[0-9.]+""),""."",""""))), """", INDEX( BEC_openBDF!$A:$D, MATCH( $I78, INDEX( "&" BEC_openBDF!$A:$D, 0, (1 + LEN(REGEXEXTRACT($I78,""^[0-9.]+"")) - LEN(SUBSTITUTE(REGEXEXTRACT($I78,""^[0-9.]+""),""."",""""))) ), 0 ), COLUMN()-9 ) ) )"),"..") -> .. | L78: =IFERROR(__xludf.DUMMYFUNCTION("IF( $I78="""", """", IF( COLUMN()-9 > (1 + LEN(REGEXEXTRACT($I78,""^[0-9.]+"")) - LEN(SUBSTITUTE(REGEXEXTRACT($I78,""^[0-9.]+""),""."",""""))), """", INDEX( BEC_openBDF!$A:$D, MATCH( $I78, INDEX( "&" BEC_openBDF!$A:$D, 0, (1 + LEN(REGEXEXTRACT($I78,""^[0-9.]+"")) - LEN(SUBSTITUTE(REGEXEXTRACT($I78,""^[0-9.]+""),""."",""""))) ), 0 ), COLUMN()-9 ) ) )"),"..") -> .. | M78: =IFERROR(__xludf.DUMMYFUNCTION("IF( $I78="""", """", IF( COLUMN()-9 > (1 + LEN(REGEXEXTRACT($I78,""^[0-9.]+"")) - LEN(SUBSTITUTE(REGEXEXTRACT($I78,""^[0-9.]+""),""."",""""))), """", INDEX( BEC_openBDF!$A:$D, MATCH( $I78, INDEX( "&" BEC_openBDF!$A:$D, 0, (1 + LEN(REGEXEXTRACT($I78,""^[0-9.]+"")) - LEN(SUBSTITUTE(REGEXEXTRACT($I78,""^[0-9.]+""),""."",""""))) ), 0 ), COLUMN()-9 ) ) )"),"")
I79: .. | J79: =IFERROR(__xludf.DUMMYFUNCTION("IF( $I79="""", """", IF( COLUMN()-9 > (1 + LEN(REGEXEXTRACT($I79,""^[0-9.]+"")) - LEN(SUBSTITUTE(REGEXEXTRACT($I79,""^[0-9.]+""),""."",""""))), """", INDEX( BEC_openBDF!$A:$D, MATCH( $I79, INDEX( "&" BEC_openBDF!$A:$D, 0, (1 + LEN(REGEXEXTRACT($I79,""^[0-9.]+"")) - LEN(SUBSTITUTE(REGEXEXTRACT($I79,""^[0-9.]+""),""."",""""))) ), 0 ), COLUMN()-9 ) ) )"),"..") -> .. | K79: =IFERROR(__xludf.DUMMYFUNCTION("IF( $I79="""", """", IF( COLUMN()-9 > (1 + LEN(REGEXEXTRACT($I79,""^[0-9.]+"")) - LEN(SUBSTITUTE(REGEXEXTRACT($I79,""^[0-9.]+""),""."",""""))), """", INDEX( BEC_openBDF!$A:$D, MATCH( $I79, INDEX( "&" BEC_openBDF!$A:$D, 0, (1 + LEN(REGEXEXTRACT($I79,""^[0-9.]+"")) - LEN(SUBSTITUTE(REGEXEXTRACT($I79,""^[0-9.]+""),""."",""""))) ), 0 ), COLUMN()-9 ) ) )"),"..") -> .. | L79: =IFERROR(__xludf.DUMMYFUNCTION("IF( $I79="""", """", IF( COLUMN()-9 > (1 + LEN(REGEXEXTRACT($I79,""^[0-9.]+"")) - LEN(SUBSTITUTE(REGEXEXTRACT($I79,""^[0-9.]+""),""."",""""))), """", INDEX( BEC_openBDF!$A:$D, MATCH( $I79, INDEX( "&" BEC_openBDF!$A:$D, 0, (1 + LEN(REGEXEXTRACT($I79,""^[0-9.]+"")) - LEN(SUBSTITUTE(REGEXEXTRACT($I79,""^[0-9.]+""),""."",""""))) ), 0 ), COLUMN()-9 ) ) )"),"..") -> .. | M79: =IFERROR(__xludf.DUMMYFUNCTION("IF( $I79="""", """", IF( COLUMN()-9 > (1 + LEN(REGEXEXTRACT($I79,""^[0-9.]+"")) - LEN(SUBSTITUTE(REGEXEXTRACT($I79,""^[0-9.]+""),""."",""""))), """", INDEX( BEC_openBDF!$A:$D, MATCH( $I79, INDEX( "&" BEC_openBDF!$A:$D, 0, (1 + LEN(REGEXEXTRACT($I79,""^[0-9.]+"")) - LEN(SUBSTITUTE(REGEXEXTRACT($I79,""^[0-9.]+""),""."",""""))) ), 0 ), COLUMN()-9 ) ) )"),"")
I80: .. | J80: =IFERROR(__xludf.DUMMYFUNCTION("IF( $I80="""", """", IF( COLUMN()-9 > (1 + LEN(REGEXEXTRACT($I80,""^[0-9.]+"")) - LEN(SUBSTITUTE(REGEXEXTRACT($I80,""^[0-9.]+""),""."",""""))), """", INDEX( BEC_openBDF!$A:$D, MATCH( $I80, INDEX( "&" BEC_openBDF!$A:$D, 0, (1 + LEN(REGEXEXTRACT($I80,""^[0-9.]+"")) - LEN(SUBSTITUTE(REGEXEXTRACT($I80,""^[0-9.]+""),""."",""""))) ), 0 ), COLUMN()-9 ) ) )"),"..") -> .. | K80: =IFERROR(__xludf.DUMMYFUNCTION("IF( $I80="""", """", IF( COLUMN()-9 > (1 + LEN(REGEXEXTRACT($I80,""^[0-9.]+"")) - LEN(SUBSTITUTE(REGEXEXTRACT($I80,""^[0-9.]+""),""."",""""))), """", INDEX( BEC_openBDF!$A:$D, MATCH( $I80, INDEX( "&" BEC_openBDF!$A:$D, 0, (1 + LEN(REGEXEXTRACT($I80,""^[0-9.]+"")) - LEN(SUBSTITUTE(REGEXEXTRACT($I80,""^[0-9.]+""),""."",""""))) ), 0 ), COLUMN()-9 ) ) )"),"..") -> .. | L80: =IFERROR(__xludf.DUMMYFUNCTION("IF( $I80="""", """", IF( COLUMN()-9 > (1 + LEN(REGEXEXTRACT($I80,""^[0-9.]+"")) - LEN(SUBSTITUTE(REGEXEXTRACT($I80,""^[0-9.]+""),""."",""""))), """", INDEX( BEC_openBDF!$A:$D, MATCH( $I80, INDEX( "&" BEC_openBDF!$A:$D, 0, (1 + LEN(REGEXEXTRACT($I80,""^[0-9.]+"")) - LEN(SUBSTITUTE(REGEXEXTRACT($I80,""^[0-9.]+""),""."",""""))) ), 0 ), COLUMN()-9 ) ) )"),"..") -> .. | M80: =IFERROR(__xludf.DUMMYFUNCTION("IF( $I80="""", """", IF( COLUMN()-9 > (1 + LEN(REGEXEXTRACT($I80,""^[0-9.]+"")) - LEN(SUBSTITUTE(REGEXEXTRACT($I80,""^[0-9.]+""),""."",""""))), """", INDEX( BEC_openBDF!$A:$D, MATCH( $I80, INDEX( "&" BEC_openBDF!$A:$D, 0, (1 + LEN(REGEXEXTRACT($I80,""^[0-9.]+"")) - LEN(SUBSTITUTE(REGEXEXTRACT($I80,""^[0-9.]+""),""."",""""))) ), 0 ), COLUMN()-9 ) ) )"),"")
I81: .. | J81: =IFERROR(__xludf.DUMMYFUNCTION("IF( $I81="""", """", IF( COLUMN()-9 > (1 + LEN(REGEXEXTRACT($I81,""^[0-9.]+"")) - LEN(SUBSTITUTE(REGEXEXTRACT($I81,""^[0-9.]+""),""."",""""))), """", INDEX( BEC_openBDF!$A:$D, MATCH( $I81, INDEX( "&" BEC_openBDF!$A:$D, 0, (1 + LEN(REGEXEXTRACT($I81,""^[0-9.]+"")) - LEN(SUBSTITUTE(REGEXEXTRACT($I81,""^[0-9.]+""),""."",""""))) ), 0 ), COLUMN()-9 ) ) )"),"..") -> .. | K81: =IFERROR(__xludf.DUMMYFUNCTION("IF( $I81="""", """", IF( COLUMN()-9 > (1 + LEN(REGEXEXTRACT($I81,""^[0-9.]+"")) - LEN(SUBSTITUTE(REGEXEXTRACT($I81,""^[0-9.]+""),""."",""""))), """", INDEX( BEC_openBDF!$A:$D, MATCH( $I81, INDEX( "&" BEC_openBDF!$A:$D, 0, (1 + LEN(REGEXEXTRACT($I81,""^[0-9.]+"")) - LEN(SUBSTITUTE(REGEXEXTRACT($I81,""^[0-9.]+""),""."",""""))) ), 0 ), COLUMN()-9 ) ) )"),"..") -> .. | L81: =IFERROR(__xludf.DUMMYFUNCTION("IF( $I81="""", """", IF( COLUMN()-9 > (1 + LEN(REGEXEXTRACT($I81,""^[0-9.]+"")) - LEN(SUBSTITUTE(REGEXEXTRACT($I81,""^[0-9.]+""),""."",""""))), """", INDEX( BEC_openBDF!$A:$D, MATCH( $I81, INDEX( "&" BEC_openBDF!$A:$D, 0, (1 + LEN(REGEXEXTRACT($I81,""^[0-9.]+"")) - LEN(SUBSTITUTE(REGEXEXTRACT($I81,""^[0-9.]+""),""."",""""))) ), 0 ), COLUMN()-9 ) ) )"),"..") -> .. | M81: =IFERROR(__xludf.DUMMYFUNCTION("IF( $I81="""", """", IF( COLUMN()-9 > (1 + LEN(REGEXEXTRACT($I81,""^[0-9.]+"")) - LEN(SUBSTITUTE(REGEXEXTRACT($I81,""^[0-9.]+""),""."",""""))), """", INDEX( BEC_openBDF!$A:$D, MATCH( $I81, INDEX( "&" BEC_openBDF!$A:$D, 0, (1 + LEN(REGEXEXTRACT($I81,""^[0-9.]+"")) - LEN(SUBSTITUTE(REGEXEXTRACT($I81,""^[0-9.]+""),""."",""""))) ), 0 ), COLUMN()-9 ) ) )"),"")
I82: .. | J82: =IFERROR(__xludf.DUMMYFUNCTION("IF( $I82="""", """", IF( COLUMN()-9 > (1 + LEN(REGEXEXTRACT($I82,""^[0-9.]+"")) - LEN(SUBSTITUTE(REGEXEXTRACT($I82,""^[0-9.]+""),""."",""""))), """", INDEX( BEC_openBDF!$A:$D, MATCH( $I82, INDEX( "&" BEC_openBDF!$A:$D, 0, (1 + LEN(REGEXEXTRACT($I82,""^[0-9.]+"")) - LEN(SUBSTITUTE(REGEXEXTRACT($I82,""^[0-9.]+""),""."",""""))) ), 0 ), COLUMN()-9 ) ) )"),"..") -> .. | K82: =IFERROR(__xludf.DUMMYFUNCTION("IF( $I82="""", """", IF( COLUMN()-9 > (1 + LEN(REGEXEXTRACT($I82,""^[0-9.]+"")) - LEN(SUBSTITUTE(REGEXEXTRACT($I82,""^[0-9.]+""),""."",""""))), """", INDEX( BEC_openBDF!$A:$D, MATCH( $I82, INDEX( "&" BEC_openBDF!$A:$D, 0, (1 + LEN(REGEXEXTRACT($I82,""^[0-9.]+"")) - LEN(SUBSTITUTE(REGEXEXTRACT($I82,""^[0-9.]+""),""."",""""))) ), 0 ), COLUMN()-9 ) ) )"),"..") -> .. | L82: =IFERROR(__xludf.DUMMYFUNCTION("IF( $I82="""", """", IF( COLUMN()-9 > (1 + LEN(REGEXEXTRACT($I82,""^[0-9.]+"")) - LEN(SUBSTITUTE(REGEXEXTRACT($I82,""^[0-9.]+""),""."",""""))), """", INDEX( BEC_openBDF!$A:$D, MATCH( $I82, INDEX( "&" BEC_openBDF!$A:$D, 0, (1 + LEN(REGEXEXTRACT($I82,""^[0-9.]+"")) - LEN(SUBSTITUTE(REGEXEXTRACT($I82,""^[0-9.]+""),""."",""""))) ), 0 ), COLUMN()-9 ) ) )"),"..") -> .. | M82: =IFERROR(__xludf.DUMMYFUNCTION("IF( $I82="""", """", IF( COLUMN()-9 > (1 + LEN(REGEXEXTRACT($I82,""^[0-9.]+"")) - LEN(SUBSTITUTE(REGEXEXTRACT($I82,""^[0-9.]+""),""."",""""))), """", INDEX( BEC_openBDF!$A:$D, MATCH( $I82, INDEX( "&" BEC_openBDF!$A:$D, 0, (1 + LEN(REGEXEXTRACT($I82,""^[0-9.]+"")) - LEN(SUBSTITUTE(REGEXEXTRACT($I82,""^[0-9.]+""),""."",""""))) ), 0 ), COLUMN()-9 ) ) )"),"")
I83: .. | J83: =IFERROR(__xludf.DUMMYFUNCTION("IF( $I83="""", """", IF( COLUMN()-9 > (1 + LEN(REGEXEXTRACT($I83,""^[0-9.]+"")) - LEN(SUBSTITUTE(REGEXEXTRACT($I83,""^[0-9.]+""),""."",""""))), """", INDEX( BEC_openBDF!$A:$D, MATCH( $I83, INDEX( "&" BEC_openBDF!$A:$D, 0, (1 + LEN(REGEXEXTRACT($I83,""^[0-9.]+"")) - LEN(SUBSTITUTE(REGEXEXTRACT($I83,""^[0-9.]+""),""."",""""))) ), 0 ), COLUMN()-9 ) ) )"),"..") -> .. | K83: =IFERROR(__xludf.DUMMYFUNCTION("IF( $I83="""", """", IF( COLUMN()-9 > (1 + LEN(REGEXEXTRACT($I83,""^[0-9.]+"")) - LEN(SUBSTITUTE(REGEXEXTRACT($I83,""^[0-9.]+""),""."",""""))), """", INDEX( BEC_openBDF!$A:$D, MATCH( $I83, INDEX( "&" BEC_openBDF!$A:$D, 0, (1 + LEN(REGEXEXTRACT($I83,""^[0-9.]+"")) - LEN(SUBSTITUTE(REGEXEXTRACT($I83,""^[0-9.]+""),""."",""""))) ), 0 ), COLUMN()-9 ) ) )"),"..") -> .. | L83: =IFERROR(__xludf.DUMMYFUNCTION("IF( $I83="""", """", IF( COLUMN()-9 > (1 + LEN(REGEXEXTRACT($I83,""^[0-9.]+"")) - LEN(SUBSTITUTE(REGEXEXTRACT($I83,""^[0-9.]+""),""."",""""))), """", INDEX( BEC_openBDF!$A:$D, MATCH( $I83, INDEX( "&" BEC_openBDF!$A:$D, 0, (1 + LEN(REGEXEXTRACT($I83,""^[0-9.]+"")) - LEN(SUBSTITUTE(REGEXEXTRACT($I83,""^[0-9.]+""),""."",""""))) ), 0 ), COLUMN()-9 ) ) )"),"..") -> .. | M83: =IFERROR(__xludf.DUMMYFUNCTION("IF( $I83="""", """", IF( COLUMN()-9 > (1 + LEN(REGEXEXTRACT($I83,""^[0-9.]+"")) - LEN(SUBSTITUTE(REGEXEXTRACT($I83,""^[0-9.]+""),""."",""""))), """", INDEX( BEC_openBDF!$A:$D, MATCH( $I83, INDEX( "&" BEC_openBDF!$A:$D, 0, (1 + LEN(REGEXEXTRACT($I83,""^[0-9.]+"")) - LEN(SUBSTITUTE(REGEXEXTRACT($I83,""^[0-9.]+""),""."",""""))) ), 0 ), COLUMN()-9 ) ) )"),"")
I84: .. | J84: =IFERROR(__xludf.DUMMYFUNCTION("IF( $I84="""", """", IF( COLUMN()-9 > (1 + LEN(REGEXEXTRACT($I84,""^[0-9.]+"")) - LEN(SUBSTITUTE(REGEXEXTRACT($I84,""^[0-9.]+""),""."",""""))), """", INDEX( BEC_openBDF!$A:$D, MATCH( $I84, INDEX( "&" BEC_openBDF!$A:$D, 0, (1 + LEN(REGEXEXTRACT($I84,""^[0-9.]+"")) - LEN(SUBSTITUTE(REGEXEXTRACT($I84,""^[0-9.]+""),""."",""""))) ), 0 ), COLUMN()-9 ) ) )"),"..") -> .. | K84: =IFERROR(__xludf.DUMMYFUNCTION("IF( $I84="""", """", IF( COLUMN()-9 > (1 + LEN(REGEXEXTRACT($I84,""^[0-9.]+"")) - LEN(SUBSTITUTE(REGEXEXTRACT($I84,""^[0-9.]+""),""."",""""))), """", INDEX( BEC_openBDF!$A:$D, MATCH( $I84, INDEX( "&" BEC_openBDF!$A:$D, 0, (1 + LEN(REGEXEXTRACT($I84,""^[0-9.]+"")) - LEN(SUBSTITUTE(REGEXEXTRACT($I84,""^[0-9.]+""),""."",""""))) ), 0 ), COLUMN()-9 ) ) )"),"..") -> .. | L84: =IFERROR(__xludf.DUMMYFUNCTION("IF( $I84="""", """", IF( COLUMN()-9 > (1 + LEN(REGEXEXTRACT($I84,""^[0-9.]+"")) - LEN(SUBSTITUTE(REGEXEXTRACT($I84,""^[0-9.]+""),""."",""""))), """", INDEX( BEC_openBDF!$A:$D, MATCH( $I84, INDEX( "&" BEC_openBDF!$A:$D, 0, (1 + LEN(REGEXEXTRACT($I84,""^[0-9.]+"")) - LEN(SUBSTITUTE(REGEXEXTRACT($I84,""^[0-9.]+""),""."",""""))) ), 0 ), COLUMN()-9 ) ) )"),"..") -> .. | M84: =IFERROR(__xludf.DUMMYFUNCTION("IF( $I84="""", """", IF( COLUMN()-9 > (1 + LEN(REGEXEXTRACT($I84,""^[0-9.]+"")) - LEN(SUBSTITUTE(REGEXEXTRACT($I84,""^[0-9.]+""),""."",""""))), """", INDEX( BEC_openBDF!$A:$D, MATCH( $I84, INDEX( "&" BEC_openBDF!$A:$D, 0, (1 + LEN(REGEXEXTRACT($I84,""^[0-9.]+"")) - LEN(SUBSTITUTE(REGEXEXTRACT($I84,""^[0-9.]+""),""."",""""))) ), 0 ), COLUMN()-9 ) ) )"),"")
I85: .. | J85: =IFERROR(__xludf.DUMMYFUNCTION("IF( $I85="""", """", IF( COLUMN()-9 > (1 + LEN(REGEXEXTRACT($I85,""^[0-9.]+"")) - LEN(SUBSTITUTE(REGEXEXTRACT($I85,""^[0-9.]+""),""."",""""))), """", INDEX( BEC_openBDF!$A:$D, MATCH( $I85, INDEX( "&" BEC_openBDF!$A:$D, 0, (1 + LEN(REGEXEXTRACT($I85,""^[0-9.]+"")) - LEN(SUBSTITUTE(REGEXEXTRACT($I85,""^[0-9.]+""),""."",""""))) ), 0 ), COLUMN()-9 ) ) )"),"..") -> .. | K85: =IFERROR(__xludf.DUMMYFUNCTION("IF( $I85="""", """", IF( COLUMN()-9 > (1 + LEN(REGEXEXTRACT($I85,""^[0-9.]+"")) - LEN(SUBSTITUTE(REGEXEXTRACT($I85,""^[0-9.]+""),""."",""""))), """", INDEX( BEC_openBDF!$A:$D, MATCH( $I85, INDEX( "&" BEC_openBDF!$A:$D, 0, (1 + LEN(REGEXEXTRACT($I85,""^[0-9.]+"")) - LEN(SUBSTITUTE(REGEXEXTRACT($I85,""^[0-9.]+""),""."",""""))) ), 0 ), COLUMN()-9 ) ) )"),"..") -> .. | L85: =IFERROR(__xludf.DUMMYFUNCTION("IF( $I85="""", """", IF( COLUMN()-9 > (1 + LEN(REGEXEXTRACT($I85,""^[0-9.]+"")) - LEN(SUBSTITUTE(REGEXEXTRACT($I85,""^[0-9.]+""),""."",""""))), """", INDEX( BEC_openBDF!$A:$D, MATCH( $I85, INDEX( "&" BEC_openBDF!$A:$D, 0, (1 + LEN(REGEXEXTRACT($I85,""^[0-9.]+"")) - LEN(SUBSTITUTE(REGEXEXTRACT($I85,""^[0-9.]+""),""."",""""))) ), 0 ), COLUMN()-9 ) ) )"),"..") -> .. | M85: =IFERROR(__xludf.DUMMYFUNCTION("IF( $I85="""", """", IF( COLUMN()-9 > (1 + LEN(REGEXEXTRACT($I85,""^[0-9.]+"")) - LEN(SUBSTITUTE(REGEXEXTRACT($I85,""^[0-9.]+""),""."",""""))), """", INDEX( BEC_openBDF!$A:$D, MATCH( $I85, INDEX( "&" BEC_openBDF!$A:$D, 0, (1 + LEN(REGEXEXTRACT($I85,""^[0-9.]+"")) - LEN(SUBSTITUTE(REGEXEXTRACT($I85,""^[0-9.]+""),""."",""""))) ), 0 ), COLUMN()-9 ) ) )"),"")
I86: .. | J86: =IFERROR(__xludf.DUMMYFUNCTION("IF( $I86="""", """", IF( COLUMN()-9 > (1 + LEN(REGEXEXTRACT($I86,""^[0-9.]+"")) - LEN(SUBSTITUTE(REGEXEXTRACT($I86,""^[0-9.]+""),""."",""""))), """", INDEX( BEC_openBDF!$A:$D, MATCH( $I86, INDEX( "&" BEC_openBDF!$A:$D, 0, (1 + LEN(REGEXEXTRACT($I86,""^[0-9.]+"")) - LEN(SUBSTITUTE(REGEXEXTRACT($I86,""^[0-9.]+""),""."",""""))) ), 0 ), COLUMN()-9 ) ) )"),"..") -> .. | K86: =IFERROR(__xludf.DUMMYFUNCTION("IF( $I86="""", """", IF( COLUMN()-9 > (1 + LEN(REGEXEXTRACT($I86,""^[0-9.]+"")) - LEN(SUBSTITUTE(REGEXEXTRACT($I86,""^[0-9.]+""),""."",""""))), """", INDEX( BEC_openBDF!$A:$D, MATCH( $I86, INDEX( "&" BEC_openBDF!$A:$D, 0, (1 + LEN(REGEXEXTRACT($I86,""^[0-9.]+"")) - LEN(SUBSTITUTE(REGEXEXTRACT($I86,""^[0-9.]+""),""."",""""))) ), 0 ), COLUMN()-9 ) ) )"),"..") -> .. | L86: =IFERROR(__xludf.DUMMYFUNCTION("IF( $I86="""", """", IF( COLUMN()-9 > (1 + LEN(REGEXEXTRACT($I86,""^[0-9.]+"")) - LEN(SUBSTITUTE(REGEXEXTRACT($I86,""^[0-9.]+""),""."",""""))), """", INDEX( BEC_openBDF!$A:$D, MATCH( $I86, INDEX( "&" BEC_openBDF!$A:$D, 0, (1 + LEN(REGEXEXTRACT($I86,""^[0-9.]+"")) - LEN(SUBSTITUTE(REGEXEXTRACT($I86,""^[0-9.]+""),""."",""""))) ), 0 ), COLUMN()-9 ) ) )"),"..") -> .. | M86: =IFERROR(__xludf.DUMMYFUNCTION("IF( $I86="""", """", IF( COLUMN()-9 > (1 + LEN(REGEXEXTRACT($I86,""^[0-9.]+"")) - LEN(SUBSTITUTE(REGEXEXTRACT($I86,""^[0-9.]+""),""."",""""))), """", INDEX( BEC_openBDF!$A:$D, MATCH( $I86, INDEX( "&" BEC_openBDF!$A:$D, 0, (1 + LEN(REGEXEXTRACT($I86,""^[0-9.]+"")) - LEN(SUBSTITUTE(REGEXEXTRACT($I86,""^[0-9.]+""),""."",""""))) ), 0 ), COLUMN()-9 ) ) )"),"")
I87: .. | J87: =IFERROR(__xludf.DUMMYFUNCTION("IF( $I87="""", """", IF( COLUMN()-9 > (1 + LEN(REGEXEXTRACT($I87,""^[0-9.]+"")) - LEN(SUBSTITUTE(REGEXEXTRACT($I87,""^[0-9.]+""),""."",""""))), """", INDEX( BEC_openBDF!$A:$D, MATCH( $I87, INDEX( "&" BEC_openBDF!$A:$D, 0, (1 + LEN(REGEXEXTRACT($I87,""^[0-9.]+"")) - LEN(SUBSTITUTE(REGEXEXTRACT($I87,""^[0-9.]+""),""."",""""))) ), 0 ), COLUMN()-9 ) ) )"),"..") -> .. | K87: =IFERROR(__xludf.DUMMYFUNCTION("IF( $I87="""", """", IF( COLUMN()-9 > (1 + LEN(REGEXEXTRACT($I87,""^[0-9.]+"")) - LEN(SUBSTITUTE(REGEXEXTRACT($I87,""^[0-9.]+""),""."",""""))), """", INDEX( BEC_openBDF!$A:$D, MATCH( $I87, INDEX( "&" BEC_openBDF!$A:$D, 0, (1 + LEN(REGEXEXTRACT($I87,""^[0-9.]+"")) - LEN(SUBSTITUTE(REGEXEXTRACT($I87,""^[0-9.]+""),""."",""""))) ), 0 ), COLUMN()-9 ) ) )"),"..") -> .. | L87: =IFERROR(__xludf.DUMMYFUNCTION("IF( $I87="""", """", IF( COLUMN()-9 > (1 + LEN(REGEXEXTRACT($I87,""^[0-9.]+"")) - LEN(SUBSTITUTE(REGEXEXTRACT($I87,""^[0-9.]+""),""."",""""))), """", INDEX( BEC_openBDF!$A:$D, MATCH( $I87, INDEX( "&" BEC_openBDF!$A:$D, 0, (1 + LEN(REGEXEXTRACT($I87,""^[0-9.]+"")) - LEN(SUBSTITUTE(REGEXEXTRACT($I87,""^[0-9.]+""),""."",""""))) ), 0 ), COLUMN()-9 ) ) )"),"..") -> .. | M87: =IFERROR(__xludf.DUMMYFUNCTION("IF( $I87="""", """", IF( COLUMN()-9 > (1 + LEN(REGEXEXTRACT($I87,""^[0-9.]+"")) - LEN(SUBSTITUTE(REGEXEXTRACT($I87,""^[0-9.]+""),""."",""""))), """", INDEX( BEC_openBDF!$A:$D, MATCH( $I87, INDEX( "&" BEC_openBDF!$A:$D, 0, (1 + LEN(REGEXEXTRACT($I87,""^[0-9.]+"")) - LEN(SUBSTITUTE(REGEXEXTRACT($I87,""^[0-9.]+""),""."",""""))) ), 0 ), COLUMN()-9 ) ) )"),"")
I88: .. | J88: =IFERROR(__xludf.DUMMYFUNCTION("IF( $I88="""", """", IF( COLUMN()-9 > (1 + LEN(REGEXEXTRACT($I88,""^[0-9.]+"")) - LEN(SUBSTITUTE(REGEXEXTRACT($I88,""^[0-9.]+""),""."",""""))), """", INDEX( BEC_openBDF!$A:$D, MATCH( $I88, INDEX( "&" BEC_openBDF!$A:$D, 0, (1 + LEN(REGEXEXTRACT($I88,""^[0-9.]+"")) - LEN(SUBSTITUTE(REGEXEXTRACT($I88,""^[0-9.]+""),""."",""""))) ), 0 ), COLUMN()-9 ) ) )"),"..") -> .. | K88: =IFERROR(__xludf.DUMMYFUNCTION("IF( $I88="""", """", IF( COLUMN()-9 > (1 + LEN(REGEXEXTRACT($I88,""^[0-9.]+"")) - LEN(SUBSTITUTE(REGEXEXTRACT($I88,""^[0-9.]+""),""."",""""))), """", INDEX( BEC_openBDF!$A:$D, MATCH( $I88, INDEX( "&" BEC_openBDF!$A:$D, 0, (1 + LEN(REGEXEXTRACT($I88,""^[0-9.]+"")) - LEN(SUBSTITUTE(REGEXEXTRACT($I88,""^[0-9.]+""),""."",""""))) ), 0 ), COLUMN()-9 ) ) )"),"..") -> .. | L88: =IFERROR(__xludf.DUMMYFUNCTION("IF( $I88="""", """", IF( COLUMN()-9 > (1 + LEN(REGEXEXTRACT($I88,""^[0-9.]+"")) - LEN(SUBSTITUTE(REGEXEXTRACT($I88,""^[0-9.]+""),""."",""""))), """", INDEX( BEC_openBDF!$A:$D, MATCH( $I88, INDEX( "&" BEC_openBDF!$A:$D, 0, (1 + LEN(REGEXEXTRACT($I88,""^[0-9.]+"")) - LEN(SUBSTITUTE(REGEXEXTRACT($I88,""^[0-9.]+""),""."",""""))) ), 0 ), COLUMN()-9 ) ) )"),"..") -> .. | M88: =IFERROR(__xludf.DUMMYFUNCTION("IF( $I88="""", """", IF( COLUMN()-9 > (1 + LEN(REGEXEXTRACT($I88,""^[0-9.]+"")) - LEN(SUBSTITUTE(REGEXEXTRACT($I88,""^[0-9.]+""),""."",""""))), """", INDEX( BEC_openBDF!$A:$D, MATCH( $I88, INDEX( "&" BEC_openBDF!$A:$D, 0, (1 + LEN(REGEXEXTRACT($I88,""^[0-9.]+"")) - LEN(SUBSTITUTE(REGEXEXTRACT($I88,""^[0-9.]+""),""."",""""))) ), 0 ), COLUMN()-9 ) ) )"),"")
I89: .. | J89: =IFERROR(__xludf.DUMMYFUNCTION("IF( $I89="""", """", IF( COLUMN()-9 > (1 + LEN(REGEXEXTRACT($I89,""^[0-9.]+"")) - LEN(SUBSTITUTE(REGEXEXTRACT($I89,""^[0-9.]+""),""."",""""))), """", INDEX( BEC_openBDF!$A:$D, MATCH( $I89, INDEX( "&" BEC_openBDF!$A:$D, 0, (1 + LEN(REGEXEXTRACT($I89,""^[0-9.]+"")) - LEN(SUBSTITUTE(REGEXEXTRACT($I89,""^[0-9.]+""),""."",""""))) ), 0 ), COLUMN()-9 ) ) )"),"..") -> .. | K89: =IFERROR(__xludf.DUMMYFUNCTION("IF( $I89="""", """", IF( COLUMN()-9 > (1 + LEN(REGEXEXTRACT($I89,""^[0-9.]+"")) - LEN(SUBSTITUTE(REGEXEXTRACT($I89,""^[0-9.]+""),""."",""""))), """", INDEX( BEC_openBDF!$A:$D, MATCH( $I89, INDEX( "&" BEC_openBDF!$A:$D, 0, (1 + LEN(REGEXEXTRACT($I89,""^[0-9.]+"")) - LEN(SUBSTITUTE(REGEXEXTRACT($I89,""^[0-9.]+""),""."",""""))) ), 0 ), COLUMN()-9 ) ) )"),"..") -> .. | L89: =IFERROR(__xludf.DUMMYFUNCTION("IF( $I89="""", """", IF( COLUMN()-9 > (1 + LEN(REGEXEXTRACT($I89,""^[0-9.]+"")) - LEN(SUBSTITUTE(REGEXEXTRACT($I89,""^[0-9.]+""),""."",""""))), """", INDEX( BEC_openBDF!$A:$D, MATCH( $I89, INDEX( "&" BEC_openBDF!$A:$D, 0, (1 + LEN(REGEXEXTRACT($I89,""^[0-9.]+"")) - LEN(SUBSTITUTE(REGEXEXTRACT($I89,""^[0-9.]+""),""."",""""))) ), 0 ), COLUMN()-9 ) ) )"),"..") -> .. | M89: =IFERROR(__xludf.DUMMYFUNCTION("IF( $I89="""", """", IF( COLUMN()-9 > (1 + LEN(REGEXEXTRACT($I89,""^[0-9.]+"")) - LEN(SUBSTITUTE(REGEXEXTRACT($I89,""^[0-9.]+""),""."",""""))), """", INDEX( BEC_openBDF!$A:$D, MATCH( $I89, INDEX( "&" BEC_openBDF!$A:$D, 0, (1 + LEN(REGEXEXTRACT($I89,""^[0-9.]+"")) - LEN(SUBSTITUTE(REGEXEXTRACT($I89,""^[0-9.]+""),""."",""""))) ), 0 ), COLUMN()-9 ) ) )"),"")
I90: .. | J90: =IFERROR(__xludf.DUMMYFUNCTION("IF( $I90="""", """", IF( COLUMN()-9 > (1 + LEN(REGEXEXTRACT($I90,""^[0-9.]+"")) - LEN(SUBSTITUTE(REGEXEXTRACT($I90,""^[0-9.]+""),""."",""""))), """", INDEX( BEC_openBDF!$A:$D, MATCH( $I90, INDEX( "&" BEC_openBDF!$A:$D, 0, (1 + LEN(REGEXEXTRACT($I90,""^[0-9.]+"")) - LEN(SUBSTITUTE(REGEXEXTRACT($I90,""^[0-9.]+""),""."",""""))) ), 0 ), COLUMN()-9 ) ) )"),"..") -> .. | K90: =IFERROR(__xludf.DUMMYFUNCTION("IF( $I90="""", """", IF( COLUMN()-9 > (1 + LEN(REGEXEXTRACT($I90,""^[0-9.]+"")) - LEN(SUBSTITUTE(REGEXEXTRACT($I90,""^[0-9.]+""),""."",""""))), """", INDEX( BEC_openBDF!$A:$D, MATCH( $I90, INDEX( "&" BEC_openBDF!$A:$D, 0, (1 + LEN(REGEXEXTRACT($I90,""^[0-9.]+"")) - LEN(SUBSTITUTE(REGEXEXTRACT($I90,""^[0-9.]+""),""."",""""))) ), 0 ), COLUMN()-9 ) ) )"),"..") -> .. | L90: =IFERROR(__xludf.DUMMYFUNCTION("IF( $I90="""", """", IF( COLUMN()-9 > (1 + LEN(REGEXEXTRACT($I90,""^[0-9.]+"")) - LEN(SUBSTITUTE(REGEXEXTRACT($I90,""^[0-9.]+""),""."",""""))), """", INDEX( BEC_openBDF!$A:$D, MATCH( $I90, INDEX( "&" BEC_openBDF!$A:$D, 0, (1 + LEN(REGEXEXTRACT($I90,""^[0-9.]+"")) - LEN(SUBSTITUTE(REGEXEXTRACT($I90,""^[0-9.]+""),""."",""""))) ), 0 ), COLUMN()-9 ) ) )"),"..") -> .. | M90: =IFERROR(__xludf.DUMMYFUNCTION("IF( $I90="""", """", IF( COLUMN()-9 > (1 + LEN(REGEXEXTRACT($I90,""^[0-9.]+"")) - LEN(SUBSTITUTE(REGEXEXTRACT($I90,""^[0-9.]+""),""."",""""))), """", INDEX( BEC_openBDF!$A:$D, MATCH( $I90, INDEX( "&" BEC_openBDF!$A:$D, 0, (1 + LEN(REGEXEXTRACT($I90,""^[0-9.]+"")) - LEN(SUBSTITUTE(REGEXEXTRACT($I90,""^[0-9.]+""),""."",""""))) ), 0 ), COLUMN()-9 ) ) )"),"")
I91: .. | J91: =IFERROR(__xludf.DUMMYFUNCTION("IF( $I91="""", """", IF( COLUMN()-9 > (1 + LEN(REGEXEXTRACT($I91,""^[0-9.]+"")) - LEN(SUBSTITUTE(REGEXEXTRACT($I91,""^[0-9.]+""),""."",""""))), """", INDEX( BEC_openBDF!$A:$D, MATCH( $I91, INDEX( "&" BEC_openBDF!$A:$D, 0, (1 + LEN(REGEXEXTRACT($I91,""^[0-9.]+"")) - LEN(SUBSTITUTE(REGEXEXTRACT($I91,""^[0-9.]+""),""."",""""))) ), 0 ), COLUMN()-9 ) ) )"),"..") -> .. | K91: =IFERROR(__xludf.DUMMYFUNCTION("IF( $I91="""", """", IF( COLUMN()-9 > (1 + LEN(REGEXEXTRACT($I91,""^[0-9.]+"")) - LEN(SUBSTITUTE(REGEXEXTRACT($I91,""^[0-9.]+""),""."",""""))), """", INDEX( BEC_openBDF!$A:$D, MATCH( $I91, INDEX( "&" BEC_openBDF!$A:$D, 0, (1 + LEN(REGEXEXTRACT($I91,""^[0-9.]+"")) - LEN(SUBSTITUTE(REGEXEXTRACT($I91,""^[0-9.]+""),""."",""""))) ), 0 ), COLUMN()-9 ) ) )"),"..") -> .. | L91: =IFERROR(__xludf.DUMMYFUNCTION("IF( $I91="""", """", IF( COLUMN()-9 > (1 + LEN(REGEXEXTRACT($I91,""^[0-9.]+"")) - LEN(SUBSTITUTE(REGEXEXTRACT($I91,""^[0-9.]+""),""."",""""))), """", INDEX( BEC_openBDF!$A:$D, MATCH( $I91, INDEX( "&" BEC_openBDF!$A:$D, 0, (1 + LEN(REGEXEXTRACT($I91,""^[0-9.]+"")) - LEN(SUBSTITUTE(REGEXEXTRACT($I91,""^[0-9.]+""),""."",""""))) ), 0 ), COLUMN()-9 ) ) )"),"..") -> .. | M91: =IFERROR(__xludf.DUMMYFUNCTION("IF( $I91="""", """", IF( COLUMN()-9 > (1 + LEN(REGEXEXTRACT($I91,""^[0-9.]+"")) - LEN(SUBSTITUTE(REGEXEXTRACT($I91,""^[0-9.]+""),""."",""""))), """", INDEX( BEC_openBDF!$A:$D, MATCH( $I91, INDEX( "&" BEC_openBDF!$A:$D, 0, (1 + LEN(REGEXEXTRACT($I91,""^[0-9.]+"")) - LEN(SUBSTITUTE(REGEXEXTRACT($I91,""^[0-9.]+""),""."",""""))) ), 0 ), COLUMN()-9 ) ) )"),"")
I92: .. | J92: =IFERROR(__xludf.DUMMYFUNCTION("IF( $I92="""", """", IF( COLUMN()-9 > (1 + LEN(REGEXEXTRACT($I92,""^[0-9.]+"")) - LEN(SUBSTITUTE(REGEXEXTRACT($I92,""^[0-9.]+""),""."",""""))), """", INDEX( BEC_openBDF!$A:$D, MATCH( $I92, INDEX( "&" BEC_openBDF!$A:$D, 0, (1 + LEN(REGEXEXTRACT($I92,""^[0-9.]+"")) - LEN(SUBSTITUTE(REGEXEXTRACT($I92,""^[0-9.]+""),""."",""""))) ), 0 ), COLUMN()-9 ) ) )"),"..") -> .. | K92: =IFERROR(__xludf.DUMMYFUNCTION("IF( $I92="""", """", IF( COLUMN()-9 > (1 + LEN(REGEXEXTRACT($I92,""^[0-9.]+"")) - LEN(SUBSTITUTE(REGEXEXTRACT($I92,""^[0-9.]+""),""."",""""))), """", INDEX( BEC_openBDF!$A:$D, MATCH( $I92, INDEX( "&" BEC_openBDF!$A:$D, 0, (1 + LEN(REGEXEXTRACT($I92,""^[0-9.]+"")) - LEN(SUBSTITUTE(REGEXEXTRACT($I92,""^[0-9.]+""),""."",""""))) ), 0 ), COLUMN()-9 ) ) )"),"..") -> .. | L92: =IFERROR(__xludf.DUMMYFUNCTION("IF( $I92="""", """", IF( COLUMN()-9 > (1 + LEN(REGEXEXTRACT($I92,""^[0-9.]+"")) - LEN(SUBSTITUTE(REGEXEXTRACT($I92,""^[0-9.]+""),""."",""""))), """", INDEX( BEC_openBDF!$A:$D, MATCH( $I92, INDEX( "&" BEC_openBDF!$A:$D, 0, (1 + LEN(REGEXEXTRACT($I92,""^[0-9.]+"")) - LEN(SUBSTITUTE(REGEXEXTRACT($I92,""^[0-9.]+""),""."",""""))) ), 0 ), COLUMN()-9 ) ) )"),"..") -> .. | M92: =IFERROR(__xludf.DUMMYFUNCTION("IF( $I92="""", """", IF( COLUMN()-9 > (1 + LEN(REGEXEXTRACT($I92,""^[0-9.]+"")) - LEN(SUBSTITUTE(REGEXEXTRACT($I92,""^[0-9.]+""),""."",""""))), """", INDEX( BEC_openBDF!$A:$D, MATCH( $I92, INDEX( "&" BEC_openBDF!$A:$D, 0, (1 + LEN(REGEXEXTRACT($I92,""^[0-9.]+"")) - LEN(SUBSTITUTE(REGEXEXTRACT($I92,""^[0-9.]+""),""."",""""))) ), 0 ), COLUMN()-9 ) ) )"),"")
I93: .. | J93: =IFERROR(__xludf.DUMMYFUNCTION("IF( $I93="""", """", IF( COLUMN()-9 > (1 + LEN(REGEXEXTRACT($I93,""^[0-9.]+"")) - LEN(SUBSTITUTE(REGEXEXTRACT($I93,""^[0-9.]+""),""."",""""))), """", INDEX( BEC_openBDF!$A:$D, MATCH( $I93, INDEX( "&" BEC_openBDF!$A:$D, 0, (1 + LEN(REGEXEXTRACT($I93,""^[0-9.]+"")) - LEN(SUBSTITUTE(REGEXEXTRACT($I93,""^[0-9.]+""),""."",""""))) ), 0 ), COLUMN()-9 ) ) )"),"..") -> .. | K93: =IFERROR(__xludf.DUMMYFUNCTION("IF( $I93="""", """", IF( COLUMN()-9 > (1 + LEN(REGEXEXTRACT($I93,""^[0-9.]+"")) - LEN(SUBSTITUTE(REGEXEXTRACT($I93,""^[0-9.]+""),""."",""""))), """", INDEX( BEC_openBDF!$A:$D, MATCH( $I93, INDEX( "&" BEC_openBDF!$A:$D, 0, (1 + LEN(REGEXEXTRACT($I93,""^[0-9.]+"")) - LEN(SUBSTITUTE(REGEXEXTRACT($I93,""^[0-9.]+""),""."",""""))) ), 0 ), COLUMN()-9 ) ) )"),"..") -> .. | L93: =IFERROR(__xludf.DUMMYFUNCTION("IF( $I93="""", """", IF( COLUMN()-9 > (1 + LEN(REGEXEXTRACT($I93,""^[0-9.]+"")) - LEN(SUBSTITUTE(REGEXEXTRACT($I93,""^[0-9.]+""),""."",""""))), """", INDEX( BEC_openBDF!$A:$D, MATCH( $I93, INDEX( "&" BEC_openBDF!$A:$D, 0, (1 + LEN(REGEXEXTRACT($I93,""^[0-9.]+"")) - LEN(SUBSTITUTE(REGEXEXTRACT($I93,""^[0-9.]+""),""."",""""))) ), 0 ), COLUMN()-9 ) ) )"),"..") -> .. | M93: =IFERROR(__xludf.DUMMYFUNCTION("IF( $I93="""", """", IF( COLUMN()-9 > (1 + LEN(REGEXEXTRACT($I93,""^[0-9.]+"")) - LEN(SUBSTITUTE(REGEXEXTRACT($I93,""^[0-9.]+""),""."",""""))), """", INDEX( BEC_openBDF!$A:$D, MATCH( $I93, INDEX( "&" BEC_openBDF!$A:$D, 0, (1 + LEN(REGEXEXTRACT($I93,""^[0-9.]+"")) - LEN(SUBSTITUTE(REGEXEXTRACT($I93,""^[0-9.]+""),""."",""""))) ), 0 ), COLUMN()-9 ) ) )"),"")
I94: .. | J94: =IFERROR(__xludf.DUMMYFUNCTION("IF( $I94="""", """", IF( COLUMN()-9 > (1 + LEN(REGEXEXTRACT($I94,""^[0-9.]+"")) - LEN(SUBSTITUTE(REGEXEXTRACT($I94,""^[0-9.]+""),""."",""""))), """", INDEX( BEC_openBDF!$A:$D, MATCH( $I94, INDEX( "&" BEC_openBDF!$A:$D, 0, (1 + LEN(REGEXEXTRACT($I94,""^[0-9.]+"")) - LEN(SUBSTITUTE(REGEXEXTRACT($I94,""^[0-9.]+""),""."",""""))) ), 0 ), COLUMN()-9 ) ) )"),"..") -> .. | K94: =IFERROR(__xludf.DUMMYFUNCTION("IF( $I94="""", """", IF( COLUMN()-9 > (1 + LEN(REGEXEXTRACT($I94,""^[0-9.]+"")) - LEN(SUBSTITUTE(REGEXEXTRACT($I94,""^[0-9.]+""),""."",""""))), """", INDEX( BEC_openBDF!$A:$D, MATCH( $I94, INDEX( "&" BEC_openBDF!$A:$D, 0, (1 + LEN(REGEXEXTRACT($I94,""^[0-9.]+"")) - LEN(SUBSTITUTE(REGEXEXTRACT($I94,""^[0-9.]+""),""."",""""))) ), 0 ), COLUMN()-9 ) ) )"),"..") -> .. | L94: =IFERROR(__xludf.DUMMYFUNCTION("IF( $I94="""", """", IF( COLUMN()-9 > (1 + LEN(REGEXEXTRACT($I94,""^[0-9.]+"")) - LEN(SUBSTITUTE(REGEXEXTRACT($I94,""^[0-9.]+""),""."",""""))), """", INDEX( BEC_openBDF!$A:$D, MATCH( $I94, INDEX( "&" BEC_openBDF!$A:$D, 0, (1 + LEN(REGEXEXTRACT($I94,""^[0-9.]+"")) - LEN(SUBSTITUTE(REGEXEXTRACT($I94,""^[0-9.]+""),""."",""""))) ), 0 ), COLUMN()-9 ) ) )"),"..") -> .. | M94: =IFERROR(__xludf.DUMMYFUNCTION("IF( $I94="""", """", IF( COLUMN()-9 > (1 + LEN(REGEXEXTRACT($I94,""^[0-9.]+"")) - LEN(SUBSTITUTE(REGEXEXTRACT($I94,""^[0-9.]+""),""."",""""))), """", INDEX( BEC_openBDF!$A:$D, MATCH( $I94, INDEX( "&" BEC_openBDF!$A:$D, 0, (1 + LEN(REGEXEXTRACT($I94,""^[0-9.]+"")) - LEN(SUBSTITUTE(REGEXEXTRACT($I94,""^[0-9.]+""),""."",""""))) ), 0 ), COLUMN()-9 ) ) )"),"")
I95: .. | J95: =IFERROR(__xludf.DUMMYFUNCTION("IF( $I95="""", """", IF( COLUMN()-9 > (1 + LEN(REGEXEXTRACT($I95,""^[0-9.]+"")) - LEN(SUBSTITUTE(REGEXEXTRACT($I95,""^[0-9.]+""),""."",""""))), """", INDEX( BEC_openBDF!$A:$D, MATCH( $I95, INDEX( "&" BEC_openBDF!$A:$D, 0, (1 + LEN(REGEXEXTRACT($I95,""^[0-9.]+"")) - LEN(SUBSTITUTE(REGEXEXTRACT($I95,""^[0-9.]+""),""."",""""))) ), 0 ), COLUMN()-9 ) ) )"),"..") -> .. | K95: =IFERROR(__xludf.DUMMYFUNCTION("IF( $I95="""", """", IF( COLUMN()-9 > (1 + LEN(REGEXEXTRACT($I95,""^[0-9.]+"")) - LEN(SUBSTITUTE(REGEXEXTRACT($I95,""^[0-9.]+""),""."",""""))), """", INDEX( BEC_openBDF!$A:$D, MATCH( $I95, INDEX( "&" BEC_openBDF!$A:$D, 0, (1 + LEN(REGEXEXTRACT($I95,""^[0-9.]+"")) - LEN(SUBSTITUTE(REGEXEXTRACT($I95,""^[0-9.]+""),""."",""""))) ), 0 ), COLUMN()-9 ) ) )"),"..") -> .. | L95: =IFERROR(__xludf.DUMMYFUNCTION("IF( $I95="""", """", IF( COLUMN()-9 > (1 + LEN(REGEXEXTRACT($I95,""^[0-9.]+"")) - LEN(SUBSTITUTE(REGEXEXTRACT($I95,""^[0-9.]+""),""."",""""))), """", INDEX( BEC_openBDF!$A:$D, MATCH( $I95, INDEX( "&" BEC_openBDF!$A:$D, 0, (1 + LEN(REGEXEXTRACT($I95,""^[0-9.]+"")) - LEN(SUBSTITUTE(REGEXEXTRACT($I95,""^[0-9.]+""),""."",""""))) ), 0 ), COLUMN()-9 ) ) )"),"..") -> .. | M95: =IFERROR(__xludf.DUMMYFUNCTION("IF( $I95="""", """", IF( COLUMN()-9 > (1 + LEN(REGEXEXTRACT($I95,""^[0-9.]+"")) - LEN(SUBSTITUTE(REGEXEXTRACT($I95,""^[0-9.]+""),""."",""""))), """", INDEX( BEC_openBDF!$A:$D, MATCH( $I95, INDEX( "&" BEC_openBDF!$A:$D, 0, (1 + LEN(REGEXEXTRACT($I95,""^[0-9.]+"")) - LEN(SUBSTITUTE(REGEXEXTRACT($I95,""^[0-9.]+""),""."",""""))) ), 0 ), COLUMN()-9 ) ) )"),"")
I96: .. | J96: =IFERROR(__xludf.DUMMYFUNCTION("IF( $I96="""", """", IF( COLUMN()-9 > (1 + LEN(REGEXEXTRACT($I96,""^[0-9.]+"")) - LEN(SUBSTITUTE(REGEXEXTRACT($I96,""^[0-9.]+""),""."",""""))), """", INDEX( BEC_openBDF!$A:$D, MATCH( $I96, INDEX( "&" BEC_openBDF!$A:$D, 0, (1 + LEN(REGEXEXTRACT($I96,""^[0-9.]+"")) - LEN(SUBSTITUTE(REGEXEXTRACT($I96,""^[0-9.]+""),""."",""""))) ), 0 ), COLUMN()-9 ) ) )"),"..") -> .. | K96: =IFERROR(__xludf.DUMMYFUNCTION("IF( $I96="""", """", IF( COLUMN()-9 > (1 + LEN(REGEXEXTRACT($I96,""^[0-9.]+"")) - LEN(SUBSTITUTE(REGEXEXTRACT($I96,""^[0-9.]+""),""."",""""))), """", INDEX( BEC_openBDF!$A:$D, MATCH( $I96, INDEX( "&" BEC_openBDF!$A:$D, 0, (1 + LEN(REGEXEXTRACT($I96,""^[0-9.]+"")) - LEN(SUBSTITUTE(REGEXEXTRACT($I96,""^[0-9.]+""),""."",""""))) ), 0 ), COLUMN()-9 ) ) )"),"..") -> .. | L96: =IFERROR(__xludf.DUMMYFUNCTION("IF( $I96="""", """", IF( COLUMN()-9 > (1 + LEN(REGEXEXTRACT($I96,""^[0-9.]+"")) - LEN(SUBSTITUTE(REGEXEXTRACT($I96,""^[0-9.]+""),""."",""""))), """", INDEX( BEC_openBDF!$A:$D, MATCH( $I96, INDEX( "&" BEC_openBDF!$A:$D, 0, (1 + LEN(REGEXEXTRACT($I96,""^[0-9.]+"")) - LEN(SUBSTITUTE(REGEXEXTRACT($I96,""^[0-9.]+""),""."",""""))) ), 0 ), COLUMN()-9 ) ) )"),"..") -> .. | M96: =IFERROR(__xludf.DUMMYFUNCTION("IF( $I96="""", """", IF( COLUMN()-9 > (1 + LEN(REGEXEXTRACT($I96,""^[0-9.]+"")) - LEN(SUBSTITUTE(REGEXEXTRACT($I96,""^[0-9.]+""),""."",""""))), """", INDEX( BEC_openBDF!$A:$D, MATCH( $I96, INDEX( "&" BEC_openBDF!$A:$D, 0, (1 + LEN(REGEXEXTRACT($I96,""^[0-9.]+"")) - LEN(SUBSTITUTE(REGEXEXTRACT($I96,""^[0-9.]+""),""."",""""))) ), 0 ), COLUMN()-9 ) ) )"),"")
I97: .. | J97: =IFERROR(__xludf.DUMMYFUNCTION("IF( $I97="""", """", IF( COLUMN()-9 > (1 + LEN(REGEXEXTRACT($I97,""^[0-9.]+"")) - LEN(SUBSTITUTE(REGEXEXTRACT($I97,""^[0-9.]+""),""."",""""))), """", INDEX( BEC_openBDF!$A:$D, MATCH( $I97, INDEX( "&" BEC_openBDF!$A:$D, 0, (1 + LEN(REGEXEXTRACT($I97,""^[0-9.]+"")) - LEN(SUBSTITUTE(REGEXEXTRACT($I97,""^[0-9.]+""),""."",""""))) ), 0 ), COLUMN()-9 ) ) )"),"..") -> .. | K97: =IFERROR(__xludf.DUMMYFUNCTION("IF( $I97="""", """", IF( COLUMN()-9 > (1 + LEN(REGEXEXTRACT($I97,""^[0-9.]+"")) - LEN(SUBSTITUTE(REGEXEXTRACT($I97,""^[0-9.]+""),""."",""""))), """", INDEX( BEC_openBDF!$A:$D, MATCH( $I97, INDEX( "&" BEC_openBDF!$A:$D, 0, (1 + LEN(REGEXEXTRACT($I97,""^[0-9.]+"")) - LEN(SUBSTITUTE(REGEXEXTRACT($I97,""^[0-9.]+""),""."",""""))) ), 0 ), COLUMN()-9 ) ) )"),"..") -> .. | L97: =IFERROR(__xludf.DUMMYFUNCTION("IF( $I97="""", """", IF( COLUMN()-9 > (1 + LEN(REGEXEXTRACT($I97,""^[0-9.]+"")) - LEN(SUBSTITUTE(REGEXEXTRACT($I97,""^[0-9.]+""),""."",""""))), """", INDEX( BEC_openBDF!$A:$D, MATCH( $I97, INDEX( "&" BEC_openBDF!$A:$D, 0, (1 + LEN(REGEXEXTRACT($I97,""^[0-9.]+"")) - LEN(SUBSTITUTE(REGEXEXTRACT($I97,""^[0-9.]+""),""."",""""))) ), 0 ), COLUMN()-9 ) ) )"),"..") -> .. | M97: =IFERROR(__xludf.DUMMYFUNCTION("IF( $I97="""", """", IF( COLUMN()-9 > (1 + LEN(REGEXEXTRACT($I97,""^[0-9.]+"")) - LEN(SUBSTITUTE(REGEXEXTRACT($I97,""^[0-9.]+""),""."",""""))), """", INDEX( BEC_openBDF!$A:$D, MATCH( $I97, INDEX( "&" BEC_openBDF!$A:$D, 0, (1 + LEN(REGEXEXTRACT($I97,""^[0-9.]+"")) - LEN(SUBSTITUTE(REGEXEXTRACT($I97,""^[0-9.]+""),""."",""""))) ), 0 ), COLUMN()-9 ) ) )"),"")
I98: .. | J98: =IFERROR(__xludf.DUMMYFUNCTION("IF( $I98="""", """", IF( COLUMN()-9 > (1 + LEN(REGEXEXTRACT($I98,""^[0-9.]+"")) - LEN(SUBSTITUTE(REGEXEXTRACT($I98,""^[0-9.]+""),""."",""""))), """", INDEX( BEC_openBDF!$A:$D, MATCH( $I98, INDEX( "&" BEC_openBDF!$A:$D, 0, (1 + LEN(REGEXEXTRACT($I98,""^[0-9.]+"")) - LEN(SUBSTITUTE(REGEXEXTRACT($I98,""^[0-9.]+""),""."",""""))) ), 0 ), COLUMN()-9 ) ) )"),"..") -> .. | K98: =IFERROR(__xludf.DUMMYFUNCTION("IF( $I98="""", """", IF( COLUMN()-9 > (1 + LEN(REGEXEXTRACT($I98,""^[0-9.]+"")) - LEN(SUBSTITUTE(REGEXEXTRACT($I98,""^[0-9.]+""),""."",""""))), """", INDEX( BEC_openBDF!$A:$D, MATCH( $I98, INDEX( "&" BEC_openBDF!$A:$D, 0, (1 + LEN(REGEXEXTRACT($I98,""^[0-9.]+"")) - LEN(SUBSTITUTE(REGEXEXTRACT($I98,""^[0-9.]+""),""."",""""))) ), 0 ), COLUMN()-9 ) ) )"),"..") -> .. | L98: =IFERROR(__xludf.DUMMYFUNCTION("IF( $I98="""", """", IF( COLUMN()-9 > (1 + LEN(REGEXEXTRACT($I98,""^[0-9.]+"")) - LEN(SUBSTITUTE(REGEXEXTRACT($I98,""^[0-9.]+""),""."",""""))), """", INDEX( BEC_openBDF!$A:$D, MATCH( $I98, INDEX( "&" BEC_openBDF!$A:$D, 0, (1 + LEN(REGEXEXTRACT($I98,""^[0-9.]+"")) - LEN(SUBSTITUTE(REGEXEXTRACT($I98,""^[0-9.]+""),""."",""""))) ), 0 ), COLUMN()-9 ) ) )"),"..") -> .. | M98: =IFERROR(__xludf.DUMMYFUNCTION("IF( $I98="""", """", IF( COLUMN()-9 > (1 + LEN(REGEXEXTRACT($I98,""^[0-9.]+"")) - LEN(SUBSTITUTE(REGEXEXTRACT($I98,""^[0-9.]+""),""."",""""))), """", INDEX( BEC_openBDF!$A:$D, MATCH( $I98, INDEX( "&" BEC_openBDF!$A:$D, 0, (1 + LEN(REGEXEXTRACT($I98,""^[0-9.]+"")) - LEN(SUBSTITUTE(REGEXEXTRACT($I98,""^[0-9.]+""),""."",""""))) ), 0 ), COLUMN()-9 ) ) )"),"")
I99: .. | J99: =IFERROR(__xludf.DUMMYFUNCTION("IF( $I99="""", """", IF( COLUMN()-9 > (1 + LEN(REGEXEXTRACT($I99,""^[0-9.]+"")) - LEN(SUBSTITUTE(REGEXEXTRACT($I99,""^[0-9.]+""),""."",""""))), """", INDEX( BEC_openBDF!$A:$D, MATCH( $I99, INDEX( "&" BEC_openBDF!$A:$D, 0, (1 + LEN(REGEXEXTRACT($I99,""^[0-9.]+"")) - LEN(SUBSTITUTE(REGEXEXTRACT($I99,""^[0-9.]+""),""."",""""))) ), 0 ), COLUMN()-9 ) ) )"),"..") -> .. | K99: =IFERROR(__xludf.DUMMYFUNCTION("IF( $I99="""", """", IF( COLUMN()-9 > (1 + LEN(REGEXEXTRACT($I99,""^[0-9.]+"")) - LEN(SUBSTITUTE(REGEXEXTRACT($I99,""^[0-9.]+""),""."",""""))), """", INDEX( BEC_openBDF!$A:$D, MATCH( $I99, INDEX( "&" BEC_openBDF!$A:$D, 0, (1 + LEN(REGEXEXTRACT($I99,""^[0-9.]+"")) - LEN(SUBSTITUTE(REGEXEXTRACT($I99,""^[0-9.]+""),""."",""""))) ), 0 ), COLUMN()-9 ) ) )"),"..") -> .. | L99: =IFERROR(__xludf.DUMMYFUNCTION("IF( $I99="""", """", IF( COLUMN()-9 > (1 + LEN(REGEXEXTRACT($I99,""^[0-9.]+"")) - LEN(SUBSTITUTE(REGEXEXTRACT($I99,""^[0-9.]+""),""."",""""))), """", INDEX( BEC_openBDF!$A:$D, MATCH( $I99, INDEX( "&" BEC_openBDF!$A:$D, 0, (1 + LEN(REGEXEXTRACT($I99,""^[0-9.]+"")) - LEN(SUBSTITUTE(REGEXEXTRACT($I99,""^[0-9.]+""),""."",""""))) ), 0 ), COLUMN()-9 ) ) )"),"..") -> .. | M99: =IFERROR(__xludf.DUMMYFUNCTION("IF( $I99="""", """", IF( COLUMN()-9 > (1 + LEN(REGEXEXTRACT($I99,""^[0-9.]+"")) - LEN(SUBSTITUTE(REGEXEXTRACT($I99,""^[0-9.]+""),""."",""""))), """", INDEX( BEC_openBDF!$A:$D, MATCH( $I99, INDEX( "&" BEC_openBDF!$A:$D, 0, (1 + LEN(REGEXEXTRACT($I99,""^[0-9.]+"")) - LEN(SUBSTITUTE(REGEXEXTRACT($I99,""^[0-9.]+""),""."",""""))) ), 0 ), COLUMN()-9 ) ) )"),"")
I100: .. | J100: =IFERROR(__xludf.DUMMYFUNCTION("IF( $I100="""", """", IF( COLUMN()-9 > (1 + LEN(REGEXEXTRACT($I100,""^[0-9.]+"")) - LEN(SUBSTITUTE(REGEXEXTRACT($I100,""^[0-9.]+""),""."",""""))), """", INDEX( BEC_openBDF!$A:$D, MATCH( $I100, INDEX( "&" BEC_openBDF!$A:$D, 0, (1 + LEN(REGEXEXTRACT($I100,""^[0-9.]+"")) - LEN(SUBSTITUTE(REGEXEXTRACT($I100,""^[0-9.]+""),""."",""""))) ), 0 ), COLUMN()-9 ) ) )"),"..") -> .. | K100: =IFERROR(__xludf.DUMMYFUNCTION("IF( $I100="""", """", IF( COLUMN()-9 > (1 + LEN(REGEXEXTRACT($I100,""^[0-9.]+"")) - LEN(SUBSTITUTE(REGEXEXTRACT($I100,""^[0-9.]+""),""."",""""))), """", INDEX( BEC_openBDF!$A:$D, MATCH( $I100, INDEX( "&" BEC_openBDF!$A:$D, 0, (1 + LEN(REGEXEXTRACT($I100,""^[0-9.]+"")) - LEN(SUBSTITUTE(REGEXEXTRACT($I100,""^[0-9.]+""),""."",""""))) ), 0 ), COLUMN()-9 ) ) )"),"..") -> .. | L100: =IFERROR(__xludf.DUMMYFUNCTION("IF( $I100="""", """", IF( COLUMN()-9 > (1 + LEN(REGEXEXTRACT($I100,""^[0-9.]+"")) - LEN(SUBSTITUTE(REGEXEXTRACT($I100,""^[0-9.]+""),""."",""""))), """", INDEX( BEC_openBDF!$A:$D, MATCH( $I100, INDEX( "&" BEC_openBDF!$A:$D, 0, (1 + LEN(REGEXEXTRACT($I100,""^[0-9.]+"")) - LEN(SUBSTITUTE(REGEXEXTRACT($I100,""^[0-9.]+""),""."",""""))) ), 0 ), COLUMN()-9 ) ) )"),"..") -> .. | M100: =IFERROR(__xludf.DUMMYFUNCTION("IF( $I100="""", """", IF( COLUMN()-9 > (1 + LEN(REGEXEXTRACT($I100,""^[0-9.]+"")) - LEN(SUBSTITUTE(REGEXEXTRACT($I100,""^[0-9.]+""),""."",""""))), """", INDEX( BEC_openBDF!$A:$D, MATCH( $I100, INDEX( "&" BEC_openBDF!$A:$D, 0, (1 + LEN(REGEXEXTRACT($I100,""^[0-9.]+"")) - LEN(SUBSTITUTE(REGEXEXTRACT($I100,""^[0-9.]+""),""."",""""))) ), 0 ), COLUMN()-9 ) ) )"),"")
I101: .. | J101: =IFERROR(__xludf.DUMMYFUNCTION("IF( $I101="""", """", IF( COLUMN()-9 > (1 + LEN(REGEXEXTRACT($I101,""^[0-9.]+"")) - LEN(SUBSTITUTE(REGEXEXTRACT($I101,""^[0-9.]+""),""."",""""))), """", INDEX( BEC_openBDF!$A:$D, MATCH( $I101, INDEX( "&" BEC_openBDF!$A:$D, 0, (1 + LEN(REGEXEXTRACT($I101,""^[0-9.]+"")) - LEN(SUBSTITUTE(REGEXEXTRACT($I101,""^[0-9.]+""),""."",""""))) ), 0 ), COLUMN()-9 ) ) )"),"..") -> .. | K101: =IFERROR(__xludf.DUMMYFUNCTION("IF( $I101="""", """", IF( COLUMN()-9 > (1 + LEN(REGEXEXTRACT($I101,""^[0-9.]+"")) - LEN(SUBSTITUTE(REGEXEXTRACT($I101,""^[0-9.]+""),""."",""""))), """", INDEX( BEC_openBDF!$A:$D, MATCH( $I101, INDEX( "&" BEC_openBDF!$A:$D, 0, (1 + LEN(REGEXEXTRACT($I101,""^[0-9.]+"")) - LEN(SUBSTITUTE(REGEXEXTRACT($I101,""^[0-9.]+""),""."",""""))) ), 0 ), COLUMN()-9 ) ) )"),"..") -> .. | L101: =IFERROR(__xludf.DUMMYFUNCTION("IF( $I101="""", """", IF( COLUMN()-9 > (1 + LEN(REGEXEXTRACT($I101,""^[0-9.]+"")) - LEN(SUBSTITUTE(REGEXEXTRACT($I101,""^[0-9.]+""),""."",""""))), """", INDEX( BEC_openBDF!$A:$D, MATCH( $I101, INDEX( "&" BEC_openBDF!$A:$D, 0, (1 + LEN(REGEXEXTRACT($I101,""^[0-9.]+"")) - LEN(SUBSTITUTE(REGEXEXTRACT($I101,""^[0-9.]+""),""."",""""))) ), 0 ), COLUMN()-9 ) ) )"),"..") -> .. | M101: =IFERROR(__xludf.DUMMYFUNCTION("IF( $I101="""", """", IF( COLUMN()-9 > (1 + LEN(REGEXEXTRACT($I101,""^[0-9.]+"")) - LEN(SUBSTITUTE(REGEXEXTRACT($I101,""^[0-9.]+""),""."",""""))), """", INDEX( BEC_openBDF!$A:$D, MATCH( $I101, INDEX( "&" BEC_openBDF!$A:$D, 0, (1 + LEN(REGEXEXTRACT($I101,""^[0-9.]+"")) - LEN(SUBSTITUTE(REGEXEXTRACT($I101,""^[0-9.]+""),""."",""""))) ), 0 ), COLUMN()-9 ) ) )"),"")
I102: .. | J102: =IFERROR(__xludf.DUMMYFUNCTION("IF( $I102="""", """", IF( COLUMN()-9 > (1 + LEN(REGEXEXTRACT($I102,""^[0-9.]+"")) - LEN(SUBSTITUTE(REGEXEXTRACT($I102,""^[0-9.]+""),""."",""""))), """", INDEX( BEC_openBDF!$A:$D, MATCH( $I102, INDEX( "&" BEC_openBDF!$A:$D, 0, (1 + LEN(REGEXEXTRACT($I102,""^[0-9.]+"")) - LEN(SUBSTITUTE(REGEXEXTRACT($I102,""^[0-9.]+""),""."",""""))) ), 0 ), COLUMN()-9 ) ) )"),"..") -> .. | K102: =IFERROR(__xludf.DUMMYFUNCTION("IF( $I102="""", """", IF( COLUMN()-9 > (1 + LEN(REGEXEXTRACT($I102,""^[0-9.]+"")) - LEN(SUBSTITUTE(REGEXEXTRACT($I102,""^[0-9.]+""),""."",""""))), """", INDEX( BEC_openBDF!$A:$D, MATCH( $I102, INDEX( "&" BEC_openBDF!$A:$D, 0, (1 + LEN(REGEXEXTRACT($I102,""^[0-9.]+"")) - LEN(SUBSTITUTE(REGEXEXTRACT($I102,""^[0-9.]+""),""."",""""))) ), 0 ), COLUMN()-9 ) ) )"),"..") -> .. | L102: =IFERROR(__xludf.DUMMYFUNCTION("IF( $I102="""", """", IF( COLUMN()-9 > (1 + LEN(REGEXEXTRACT($I102,""^[0-9.]+"")) - LEN(SUBSTITUTE(REGEXEXTRACT($I102,""^[0-9.]+""),""."",""""))), """", INDEX( BEC_openBDF!$A:$D, MATCH( $I102, INDEX( "&" BEC_openBDF!$A:$D, 0, (1 + LEN(REGEXEXTRACT($I102,""^[0-9.]+"")) - LEN(SUBSTITUTE(REGEXEXTRACT($I102,""^[0-9.]+""),""."",""""))) ), 0 ), COLUMN()-9 ) ) )"),"..") -> .. | M102: =IFERROR(__xludf.DUMMYFUNCTION("IF( $I102="""", """", IF( COLUMN()-9 > (1 + LEN(REGEXEXTRACT($I102,""^[0-9.]+"")) - LEN(SUBSTITUTE(REGEXEXTRACT($I102,""^[0-9.]+""),""."",""""))), """", INDEX( BEC_openBDF!$A:$D, MATCH( $I102, INDEX( "&" BEC_openBDF!$A:$D, 0, (1 + LEN(REGEXEXTRACT($I102,""^[0-9.]+"")) - LEN(SUBSTITUTE(REGEXEXTRACT($I102,""^[0-9.]+""),""."",""""))) ), 0 ), COLUMN()-9 ) ) )"),"")
I103: .. | J103: =IFERROR(__xludf.DUMMYFUNCTION("IF( $I103="""", """", IF( COLUMN()-9 > (1 + LEN(REGEXEXTRACT($I103,""^[0-9.]+"")) - LEN(SUBSTITUTE(REGEXEXTRACT($I103,""^[0-9.]+""),""."",""""))), """", INDEX( BEC_openBDF!$A:$D, MATCH( $I103, INDEX( "&" BEC_openBDF!$A:$D, 0, (1 + LEN(REGEXEXTRACT($I103,""^[0-9.]+"")) - LEN(SUBSTITUTE(REGEXEXTRACT($I103,""^[0-9.]+""),""."",""""))) ), 0 ), COLUMN()-9 ) ) )"),"..") -> .. | K103: =IFERROR(__xludf.DUMMYFUNCTION("IF( $I103="""", """", IF( COLUMN()-9 > (1 + LEN(REGEXEXTRACT($I103,""^[0-9.]+"")) - LEN(SUBSTITUTE(REGEXEXTRACT($I103,""^[0-9.]+""),""."",""""))), """", INDEX( BEC_openBDF!$A:$D, MATCH( $I103, INDEX( "&" BEC_openBDF!$A:$D, 0, (1 + LEN(REGEXEXTRACT($I103,""^[0-9.]+"")) - LEN(SUBSTITUTE(REGEXEXTRACT($I103,""^[0-9.]+""),""."",""""))) ), 0 ), COLUMN()-9 ) ) )"),"..") -> .. | L103: =IFERROR(__xludf.DUMMYFUNCTION("IF( $I103="""", """", IF( COLUMN()-9 > (1 + LEN(REGEXEXTRACT($I103,""^[0-9.]+"")) - LEN(SUBSTITUTE(REGEXEXTRACT($I103,""^[0-9.]+""),""."",""""))), """", INDEX( BEC_openBDF!$A:$D, MATCH( $I103, INDEX( "&" BEC_openBDF!$A:$D, 0, (1 + LEN(REGEXEXTRACT($I103,""^[0-9.]+"")) - LEN(SUBSTITUTE(REGEXEXTRACT($I103,""^[0-9.]+""),""."",""""))) ), 0 ), COLUMN()-9 ) ) )"),"..") -> .. | M103: =IFERROR(__xludf.DUMMYFUNCTION("IF( $I103="""", """", IF( COLUMN()-9 > (1 + LEN(REGEXEXTRACT($I103,""^[0-9.]+"")) - LEN(SUBSTITUTE(REGEXEXTRACT($I103,""^[0-9.]+""),""."",""""))), """", INDEX( BEC_openBDF!$A:$D, MATCH( $I103, INDEX( "&" BEC_openBDF!$A:$D, 0, (1 + LEN(REGEXEXTRACT($I103,""^[0-9.]+"")) - LEN(SUBSTITUTE(REGEXEXTRACT($I103,""^[0-9.]+""),""."",""""))) ), 0 ), COLUMN()-9 ) ) )"),"")
I104: .. | J104: =IFERROR(__xludf.DUMMYFUNCTION("IF( $I104="""", """", IF( COLUMN()-9 > (1 + LEN(REGEXEXTRACT($I104,""^[0-9.]+"")) - LEN(SUBSTITUTE(REGEXEXTRACT($I104,""^[0-9.]+""),""."",""""))), """", INDEX( BEC_openBDF!$A:$D, MATCH( $I104, INDEX( "&" BEC_openBDF!$A:$D, 0, (1 + LEN(REGEXEXTRACT($I104,""^[0-9.]+"")) - LEN(SUBSTITUTE(REGEXEXTRACT($I104,""^[0-9.]+""),""."",""""))) ), 0 ), COLUMN()-9 ) ) )"),"..") -> .. | K104: =IFERROR(__xludf.DUMMYFUNCTION("IF( $I104="""", """", IF( COLUMN()-9 > (1 + LEN(REGEXEXTRACT($I104,""^[0-9.]+"")) - LEN(SUBSTITUTE(REGEXEXTRACT($I104,""^[0-9.]+""),""."",""""))), """", INDEX( BEC_openBDF!$A:$D, MATCH( $I104, INDEX( "&" BEC_openBDF!$A:$D, 0, (1 + LEN(REGEXEXTRACT($I104,""^[0-9.]+"")) - LEN(SUBSTITUTE(REGEXEXTRACT($I104,""^[0-9.]+""),""."",""""))) ), 0 ), COLUMN()-9 ) ) )"),"..") -> .. | L104: =IFERROR(__xludf.DUMMYFUNCTION("IF( $I104="""", """", IF( COLUMN()-9 > (1 + LEN(REGEXEXTRACT($I104,""^[0-9.]+"")) - LEN(SUBSTITUTE(REGEXEXTRACT($I104,""^[0-9.]+""),""."",""""))), """", INDEX( BEC_openBDF!$A:$D, MATCH( $I104, INDEX( "&" BEC_openBDF!$A:$D, 0, (1 + LEN(REGEXEXTRACT($I104,""^[0-9.]+"")) - LEN(SUBSTITUTE(REGEXEXTRACT($I104,""^[0-9.]+""),""."",""""))) ), 0 ), COLUMN()-9 ) ) )"),"..") -> .. | M104: =IFERROR(__xludf.DUMMYFUNCTION("IF( $I104="""", """", IF( COLUMN()-9 > (1 + LEN(REGEXEXTRACT($I104,""^[0-9.]+"")) - LEN(SUBSTITUTE(REGEXEXTRACT($I104,""^[0-9.]+""),""."",""""))), """", INDEX( BEC_openBDF!$A:$D, MATCH( $I104, INDEX( "&" BEC_openBDF!$A:$D, 0, (1 + LEN(REGEXEXTRACT($I104,""^[0-9.]+"")) - LEN(SUBSTITUTE(REGEXEXTRACT($I104,""^[0-9.]+""),""."",""""))) ), 0 ), COLUMN()-9 ) ) )"),"")
I105: .. | J105: =IFERROR(__xludf.DUMMYFUNCTION("IF( $I105="""", """", IF( COLUMN()-9 > (1 + LEN(REGEXEXTRACT($I105,""^[0-9.]+"")) - LEN(SUBSTITUTE(REGEXEXTRACT($I105,""^[0-9.]+""),""."",""""))), """", INDEX( BEC_openBDF!$A:$D, MATCH( $I105, INDEX( "&" BEC_openBDF!$A:$D, 0, (1 + LEN(REGEXEXTRACT($I105,""^[0-9.]+"")) - LEN(SUBSTITUTE(REGEXEXTRACT($I105,""^[0-9.]+""),""."",""""))) ), 0 ), COLUMN()-9 ) ) )"),"..") -> .. | K105: =IFERROR(__xludf.DUMMYFUNCTION("IF( $I105="""", """", IF( COLUMN()-9 > (1 + LEN(REGEXEXTRACT($I105,""^[0-9.]+"")) - LEN(SUBSTITUTE(REGEXEXTRACT($I105,""^[0-9.]+""),""."",""""))), """", INDEX( BEC_openBDF!$A:$D, MATCH( $I105, INDEX( "&" BEC_openBDF!$A:$D, 0, (1 + LEN(REGEXEXTRACT($I105,""^[0-9.]+"")) - LEN(SUBSTITUTE(REGEXEXTRACT($I105,""^[0-9.]+""),""."",""""))) ), 0 ), COLUMN()-9 ) ) )"),"..") -> .. | L105: =IFERROR(__xludf.DUMMYFUNCTION("IF( $I105="""", """", IF( COLUMN()-9 > (1 + LEN(REGEXEXTRACT($I105,""^[0-9.]+"")) - LEN(SUBSTITUTE(REGEXEXTRACT($I105,""^[0-9.]+""),""."",""""))), """", INDEX( BEC_openBDF!$A:$D, MATCH( $I105, INDEX( "&" BEC_openBDF!$A:$D, 0, (1 + LEN(REGEXEXTRACT($I105,""^[0-9.]+"")) - LEN(SUBSTITUTE(REGEXEXTRACT($I105,""^[0-9.]+""),""."",""""))) ), 0 ), COLUMN()-9 ) ) )"),"..") -> .. | M105: =IFERROR(__xludf.DUMMYFUNCTION("IF( $I105="""", """", IF( COLUMN()-9 > (1 + LEN(REGEXEXTRACT($I105,""^[0-9.]+"")) - LEN(SUBSTITUTE(REGEXEXTRACT($I105,""^[0-9.]+""),""."",""""))), """", INDEX( BEC_openBDF!$A:$D, MATCH( $I105, INDEX( "&" BEC_openBDF!$A:$D, 0, (1 + LEN(REGEXEXTRACT($I105,""^[0-9.]+"")) - LEN(SUBSTITUTE(REGEXEXTRACT($I105,""^[0-9.]+""),""."",""""))) ), 0 ), COLUMN()-9 ) ) )"),"")
I106: .. | J106: =IFERROR(__xludf.DUMMYFUNCTION("IF( $I106="""", """", IF( COLUMN()-9 > (1 + LEN(REGEXEXTRACT($I106,""^[0-9.]+"")) - LEN(SUBSTITUTE(REGEXEXTRACT($I106,""^[0-9.]+""),""."",""""))), """", INDEX( BEC_openBDF!$A:$D, MATCH( $I106, INDEX( "&" BEC_openBDF!$A:$D, 0, (1 + LEN(REGEXEXTRACT($I106,""^[0-9.]+"")) - LEN(SUBSTITUTE(REGEXEXTRACT($I106,""^[0-9.]+""),""."",""""))) ), 0 ), COLUMN()-9 ) ) )"),"..") -> .. | K106: =IFERROR(__xludf.DUMMYFUNCTION("IF( $I106="""", """", IF( COLUMN()-9 > (1 + LEN(REGEXEXTRACT($I106,""^[0-9.]+"")) - LEN(SUBSTITUTE(REGEXEXTRACT($I106,""^[0-9.]+""),""."",""""))), """", INDEX( BEC_openBDF!$A:$D, MATCH( $I106, INDEX( "&" BEC_openBDF!$A:$D, 0, (1 + LEN(REGEXEXTRACT($I106,""^[0-9.]+"")) - LEN(SUBSTITUTE(REGEXEXTRACT($I106,""^[0-9.]+""),""."",""""))) ), 0 ), COLUMN()-9 ) ) )"),"..") -> .. | L106: =IFERROR(__xludf.DUMMYFUNCTION("IF( $I106="""", """", IF( COLUMN()-9 > (1 + LEN(REGEXEXTRACT($I106,""^[0-9.]+"")) - LEN(SUBSTITUTE(REGEXEXTRACT($I106,""^[0-9.]+""),""."",""""))), """", INDEX( BEC_openBDF!$A:$D, MATCH( $I106, INDEX( "&" BEC_openBDF!$A:$D, 0, (1 + LEN(REGEXEXTRACT($I106,""^[0-9.]+"")) - LEN(SUBSTITUTE(REGEXEXTRACT($I106,""^[0-9.]+""),""."",""""))) ), 0 ), COLUMN()-9 ) ) )"),"..") -> .. | M106: =IFERROR(__xludf.DUMMYFUNCTION("IF( $I106="""", """", IF( COLUMN()-9 > (1 + LEN(REGEXEXTRACT($I106,""^[0-9.]+"")) - LEN(SUBSTITUTE(REGEXEXTRACT($I106,""^[0-9.]+""),""."",""""))), """", INDEX( BEC_openBDF!$A:$D, MATCH( $I106, INDEX( "&" BEC_openBDF!$A:$D, 0, (1 + LEN(REGEXEXTRACT($I106,""^[0-9.]+"")) - LEN(SUBSTITUTE(REGEXEXTRACT($I106,""^[0-9.]+""),""."",""""))) ), 0 ), COLUMN()-9 ) ) )"),"")
I107: .. | J107: =IFERROR(__xludf.DUMMYFUNCTION("IF( $I107="""", """", IF( COLUMN()-9 > (1 + LEN(REGEXEXTRACT($I107,""^[0-9.]+"")) - LEN(SUBSTITUTE(REGEXEXTRACT($I107,""^[0-9.]+""),""."",""""))), """", INDEX( BEC_openBDF!$A:$D, MATCH( $I107, INDEX( "&" BEC_openBDF!$A:$D, 0, (1 + LEN(REGEXEXTRACT($I107,""^[0-9.]+"")) - LEN(SUBSTITUTE(REGEXEXTRACT($I107,""^[0-9.]+""),""."",""""))) ), 0 ), COLUMN()-9 ) ) )"),"..") -> .. | K107: =IFERROR(__xludf.DUMMYFUNCTION("IF( $I107="""", """", IF( COLUMN()-9 > (1 + LEN(REGEXEXTRACT($I107,""^[0-9.]+"")) - LEN(SUBSTITUTE(REGEXEXTRACT($I107,""^[0-9.]+""),""."",""""))), """", INDEX( BEC_openBDF!$A:$D, MATCH( $I107, INDEX( "&" BEC_openBDF!$A:$D, 0, (1 + LEN(REGEXEXTRACT($I107,""^[0-9.]+"")) - LEN(SUBSTITUTE(REGEXEXTRACT($I107,""^[0-9.]+""),""."",""""))) ), 0 ), COLUMN()-9 ) ) )"),"..") -> .. | L107: =IFERROR(__xludf.DUMMYFUNCTION("IF( $I107="""", """", IF( COLUMN()-9 > (1 + LEN(REGEXEXTRACT($I107,""^[0-9.]+"")) - LEN(SUBSTITUTE(REGEXEXTRACT($I107,""^[0-9.]+""),""."",""""))), """", INDEX( BEC_openBDF!$A:$D, MATCH( $I107, INDEX( "&" BEC_openBDF!$A:$D, 0, (1 + LEN(REGEXEXTRACT($I107,""^[0-9.]+"")) - LEN(SUBSTITUTE(REGEXEXTRACT($I107,""^[0-9.]+""),""."",""""))) ), 0 ), COLUMN()-9 ) ) )"),"..") -> .. | M107: =IFERROR(__xludf.DUMMYFUNCTION("IF( $I107="""", """", IF( COLUMN()-9 > (1 + LEN(REGEXEXTRACT($I107,""^[0-9.]+"")) - LEN(SUBSTITUTE(REGEXEXTRACT($I107,""^[0-9.]+""),""."",""""))), """", INDEX( BEC_openBDF!$A:$D, MATCH( $I107, INDEX( "&" BEC_openBDF!$A:$D, 0, (1 + LEN(REGEXEXTRACT($I107,""^[0-9.]+"")) - LEN(SUBSTITUTE(REGEXEXTRACT($I107,""^[0-9.]+""),""."",""""))) ), 0 ), COLUMN()-9 ) ) )"),"")
I108: .. | J108: =IFERROR(__xludf.DUMMYFUNCTION("IF( $I108="""", """", IF( COLUMN()-9 > (1 + LEN(REGEXEXTRACT($I108,""^[0-9.]+"")) - LEN(SUBSTITUTE(REGEXEXTRACT($I108,""^[0-9.]+""),""."",""""))), """", INDEX( BEC_openBDF!$A:$D, MATCH( $I108, INDEX( "&" BEC_openBDF!$A:$D, 0, (1 + LEN(REGEXEXTRACT($I108,""^[0-9.]+"")) - LEN(SUBSTITUTE(REGEXEXTRACT($I108,""^[0-9.]+""),""."",""""))) ), 0 ), COLUMN()-9 ) ) )"),"..") -> .. | K108: =IFERROR(__xludf.DUMMYFUNCTION("IF( $I108="""", """", IF( COLUMN()-9 > (1 + LEN(REGEXEXTRACT($I108,""^[0-9.]+"")) - LEN(SUBSTITUTE(REGEXEXTRACT($I108,""^[0-9.]+""),""."",""""))), """", INDEX( BEC_openBDF!$A:$D, MATCH( $I108, INDEX( "&" BEC_openBDF!$A:$D, 0, (1 + LEN(REGEXEXTRACT($I108,""^[0-9.]+"")) - LEN(SUBSTITUTE(REGEXEXTRACT($I108,""^[0-9.]+""),""."",""""))) ), 0 ), COLUMN()-9 ) ) )"),"..") -> .. | L108: =IFERROR(__xludf.DUMMYFUNCTION("IF( $I108="""", """", IF( COLUMN()-9 > (1 + LEN(REGEXEXTRACT($I108,""^[0-9.]+"")) - LEN(SUBSTITUTE(REGEXEXTRACT($I108,""^[0-9.]+""),""."",""""))), """", INDEX( BEC_openBDF!$A:$D, MATCH( $I108, INDEX( "&" BEC_openBDF!$A:$D, 0, (1 + LEN(REGEXEXTRACT($I108,""^[0-9.]+"")) - LEN(SUBSTITUTE(REGEXEXTRACT($I108,""^[0-9.]+""),""."",""""))) ), 0 ), COLUMN()-9 ) ) )"),"..") -> .. | M108: =IFERROR(__xludf.DUMMYFUNCTION("IF( $I108="""", """", IF( COLUMN()-9 > (1 + LEN(REGEXEXTRACT($I108,""^[0-9.]+"")) - LEN(SUBSTITUTE(REGEXEXTRACT($I108,""^[0-9.]+""),""."",""""))), """", INDEX( BEC_openBDF!$A:$D, MATCH( $I108, INDEX( "&" BEC_openBDF!$A:$D, 0, (1 + LEN(REGEXEXTRACT($I108,""^[0-9.]+"")) - LEN(SUBSTITUTE(REGEXEXTRACT($I108,""^[0-9.]+""),""."",""""))) ), 0 ), COLUMN()-9 ) ) )"),"")
I109: .. | J109: =IFERROR(__xludf.DUMMYFUNCTION("IF( $I109="""", """", IF( COLUMN()-9 > (1 + LEN(REGEXEXTRACT($I109,""^[0-9.]+"")) - LEN(SUBSTITUTE(REGEXEXTRACT($I109,""^[0-9.]+""),""."",""""))), """", INDEX( BEC_openBDF!$A:$D, MATCH( $I109, INDEX( "&" BEC_openBDF!$A:$D, 0, (1 + LEN(REGEXEXTRACT($I109,""^[0-9.]+"")) - LEN(SUBSTITUTE(REGEXEXTRACT($I109,""^[0-9.]+""),""."",""""))) ), 0 ), COLUMN()-9 ) ) )"),"..") -> .. | K109: =IFERROR(__xludf.DUMMYFUNCTION("IF( $I109="""", """", IF( COLUMN()-9 > (1 + LEN(REGEXEXTRACT($I109,""^[0-9.]+"")) - LEN(SUBSTITUTE(REGEXEXTRACT($I109,""^[0-9.]+""),""."",""""))), """", INDEX( BEC_openBDF!$A:$D, MATCH( $I109, INDEX( "&" BEC_openBDF!$A:$D, 0, (1 + LEN(REGEXEXTRACT($I109,""^[0-9.]+"")) - LEN(SUBSTITUTE(REGEXEXTRACT($I109,""^[0-9.]+""),""."",""""))) ), 0 ), COLUMN()-9 ) ) )"),"..") -> .. | L109: =IFERROR(__xludf.DUMMYFUNCTION("IF( $I109="""", """", IF( COLUMN()-9 > (1 + LEN(REGEXEXTRACT($I109,""^[0-9.]+"")) - LEN(SUBSTITUTE(REGEXEXTRACT($I109,""^[0-9.]+""),""."",""""))), """", INDEX( BEC_openBDF!$A:$D, MATCH( $I109, INDEX( "&" BEC_openBDF!$A:$D, 0, (1 + LEN(REGEXEXTRACT($I109,""^[0-9.]+"")) - LEN(SUBSTITUTE(REGEXEXTRACT($I109,""^[0-9.]+""),""."",""""))) ), 0 ), COLUMN()-9 ) ) )"),"..") -> .. | M109: =IFERROR(__xludf.DUMMYFUNCTION("IF( $I109="""", """", IF( COLUMN()-9 > (1 + LEN(REGEXEXTRACT($I109,""^[0-9.]+"")) - LEN(SUBSTITUTE(REGEXEXTRACT($I109,""^[0-9.]+""),""."",""""))), """", INDEX( BEC_openBDF!$A:$D, MATCH( $I109, INDEX( "&" BEC_openBDF!$A:$D, 0, (1 + LEN(REGEXEXTRACT($I109,""^[0-9.]+"")) - LEN(SUBSTITUTE(REGEXEXTRACT($I109,""^[0-9.]+""),""."",""""))) ), 0 ), COLUMN()-9 ) ) )"),"")
I110: .. | J110: =IFERROR(__xludf.DUMMYFUNCTION("IF( $I110="""", """", IF( COLUMN()-9 > (1 + LEN(REGEXEXTRACT($I110,""^[0-9.]+"")) - LEN(SUBSTITUTE(REGEXEXTRACT($I110,""^[0-9.]+""),""."",""""))), """", INDEX( BEC_openBDF!$A:$D, MATCH( $I110, INDEX( "&" BEC_openBDF!$A:$D, 0, (1 + LEN(REGEXEXTRACT($I110,""^[0-9.]+"")) - LEN(SUBSTITUTE(REGEXEXTRACT($I110,""^[0-9.]+""),""."",""""))) ), 0 ), COLUMN()-9 ) ) )"),"..") -> .. | K110: =IFERROR(__xludf.DUMMYFUNCTION("IF( $I110="""", """", IF( COLUMN()-9 > (1 + LEN(REGEXEXTRACT($I110,""^[0-9.]+"")) - LEN(SUBSTITUTE(REGEXEXTRACT($I110,""^[0-9.]+""),""."",""""))), """", INDEX( BEC_openBDF!$A:$D, MATCH( $I110, INDEX( "&" BEC_openBDF!$A:$D, 0, (1 + LEN(REGEXEXTRACT($I110,""^[0-9.]+"")) - LEN(SUBSTITUTE(REGEXEXTRACT($I110,""^[0-9.]+""),""."",""""))) ), 0 ), COLUMN()-9 ) ) )"),"..") -> .. | L110: =IFERROR(__xludf.DUMMYFUNCTION("IF( $I110="""", """", IF( COLUMN()-9 > (1 + LEN(REGEXEXTRACT($I110,""^[0-9.]+"")) - LEN(SUBSTITUTE(REGEXEXTRACT($I110,""^[0-9.]+""),""."",""""))), """", INDEX( BEC_openBDF!$A:$D, MATCH( $I110, INDEX( "&" BEC_openBDF!$A:$D, 0, (1 + LEN(REGEXEXTRACT($I110,""^[0-9.]+"")) - LEN(SUBSTITUTE(REGEXEXTRACT($I110,""^[0-9.]+""),""."",""""))) ), 0 ), COLUMN()-9 ) ) )"),"..") -> .. | M110: =IFERROR(__xludf.DUMMYFUNCTION("IF( $I110="""", """", IF( COLUMN()-9 > (1 + LEN(REGEXEXTRACT($I110,""^[0-9.]+"")) - LEN(SUBSTITUTE(REGEXEXTRACT($I110,""^[0-9.]+""),""."",""""))), """", INDEX( BEC_openBDF!$A:$D, MATCH( $I110, INDEX( "&" BEC_openBDF!$A:$D, 0, (1 + LEN(REGEXEXTRACT($I110,""^[0-9.]+"")) - LEN(SUBSTITUTE(REGEXEXTRACT($I110,""^[0-9.]+""),""."",""""))) ), 0 ), COLUMN()-9 ) ) )"),"")
I111: .. | J111: =IFERROR(__xludf.DUMMYFUNCTION("IF( $I111="""", """", IF( COLUMN()-9 > (1 + LEN(REGEXEXTRACT($I111,""^[0-9.]+"")) - LEN(SUBSTITUTE(REGEXEXTRACT($I111,""^[0-9.]+""),""."",""""))), """", INDEX( BEC_openBDF!$A:$D, MATCH( $I111, INDEX( "&" BEC_openBDF!$A:$D, 0, (1 + LEN(REGEXEXTRACT($I111,""^[0-9.]+"")) - LEN(SUBSTITUTE(REGEXEXTRACT($I111,""^[0-9.]+""),""."",""""))) ), 0 ), COLUMN()-9 ) ) )"),"..") -> .. | K111: =IFERROR(__xludf.DUMMYFUNCTION("IF( $I111="""", """", IF( COLUMN()-9 > (1 + LEN(REGEXEXTRACT($I111,""^[0-9.]+"")) - LEN(SUBSTITUTE(REGEXEXTRACT($I111,""^[0-9.]+""),""."",""""))), """", INDEX( BEC_openBDF!$A:$D, MATCH( $I111, INDEX( "&" BEC_openBDF!$A:$D, 0, (1 + LEN(REGEXEXTRACT($I111,""^[0-9.]+"")) - LEN(SUBSTITUTE(REGEXEXTRACT($I111,""^[0-9.]+""),""."",""""))) ), 0 ), COLUMN()-9 ) ) )"),"..") -> .. | L111: =IFERROR(__xludf.DUMMYFUNCTION("IF( $I111="""", """", IF( COLUMN()-9 > (1 + LEN(REGEXEXTRACT($I111,""^[0-9.]+"")) - LEN(SUBSTITUTE(REGEXEXTRACT($I111,""^[0-9.]+""),""."",""""))), """", INDEX( BEC_openBDF!$A:$D, MATCH( $I111, INDEX( "&" BEC_openBDF!$A:$D, 0, (1 + LEN(REGEXEXTRACT($I111,""^[0-9.]+"")) - LEN(SUBSTITUTE(REGEXEXTRACT($I111,""^[0-9.]+""),""."",""""))) ), 0 ), COLUMN()-9 ) ) )"),"..") -> .. | M111: =IFERROR(__xludf.DUMMYFUNCTION("IF( $I111="""", """", IF( COLUMN()-9 > (1 + LEN(REGEXEXTRACT($I111,""^[0-9.]+"")) - LEN(SUBSTITUTE(REGEXEXTRACT($I111,""^[0-9.]+""),""."",""""))), """", INDEX( BEC_openBDF!$A:$D, MATCH( $I111, INDEX( "&" BEC_openBDF!$A:$D, 0, (1 + LEN(REGEXEXTRACT($I111,""^[0-9.]+"")) - LEN(SUBSTITUTE(REGEXEXTRACT($I111,""^[0-9.]+""),""."",""""))) ), 0 ), COLUMN()-9 ) ) )"),"")
I112: .. | J112: =IFERROR(__xludf.DUMMYFUNCTION("IF( $I112="""", """", IF( COLUMN()-9 > (1 + LEN(REGEXEXTRACT($I112,""^[0-9.]+"")) - LEN(SUBSTITUTE(REGEXEXTRACT($I112,""^[0-9.]+""),""."",""""))), """", INDEX( BEC_openBDF!$A:$D, MATCH( $I112, INDEX( "&" BEC_openBDF!$A:$D, 0, (1 + LEN(REGEXEXTRACT($I112,""^[0-9.]+"")) - LEN(SUBSTITUTE(REGEXEXTRACT($I112,""^[0-9.]+""),""."",""""))) ), 0 ), COLUMN()-9 ) ) )"),"..") -> .. | K112: =IFERROR(__xludf.DUMMYFUNCTION("IF( $I112="""", """", IF( COLUMN()-9 > (1 + LEN(REGEXEXTRACT($I112,""^[0-9.]+"")) - LEN(SUBSTITUTE(REGEXEXTRACT($I112,""^[0-9.]+""),""."",""""))), """", INDEX( BEC_openBDF!$A:$D, MATCH( $I112, INDEX( "&" BEC_openBDF!$A:$D, 0, (1 + LEN(REGEXEXTRACT($I112,""^[0-9.]+"")) - LEN(SUBSTITUTE(REGEXEXTRACT($I112,""^[0-9.]+""),""."",""""))) ), 0 ), COLUMN()-9 ) ) )"),"..") -> .. | L112: =IFERROR(__xludf.DUMMYFUNCTION("IF( $I112="""", """", IF( COLUMN()-9 > (1 + LEN(REGEXEXTRACT($I112,""^[0-9.]+"")) - LEN(SUBSTITUTE(REGEXEXTRACT($I112,""^[0-9.]+""),""."",""""))), """", INDEX( BEC_openBDF!$A:$D, MATCH( $I112, INDEX( "&" BEC_openBDF!$A:$D, 0, (1 + LEN(REGEXEXTRACT($I112,""^[0-9.]+"")) - LEN(SUBSTITUTE(REGEXEXTRACT($I112,""^[0-9.]+""),""."",""""))) ), 0 ), COLUMN()-9 ) ) )"),"..") -> .. | M112: =IFERROR(__xludf.DUMMYFUNCTION("IF( $I112="""", """", IF( COLUMN()-9 > (1 + LEN(REGEXEXTRACT($I112,""^[0-9.]+"")) - LEN(SUBSTITUTE(REGEXEXTRACT($I112,""^[0-9.]+""),""."",""""))), """", INDEX( BEC_openBDF!$A:$D, MATCH( $I112, INDEX( "&" BEC_openBDF!$A:$D, 0, (1 + LEN(REGEXEXTRACT($I112,""^[0-9.]+"")) - LEN(SUBSTITUTE(REGEXEXTRACT($I112,""^[0-9.]+""),""."",""""))) ), 0 ), COLUMN()-9 ) ) )"),"")
I113: .. | J113: =IFERROR(__xludf.DUMMYFUNCTION("IF( $I113="""", """", IF( COLUMN()-9 > (1 + LEN(REGEXEXTRACT($I113,""^[0-9.]+"")) - LEN(SUBSTITUTE(REGEXEXTRACT($I113,""^[0-9.]+""),""."",""""))), """", INDEX( BEC_openBDF!$A:$D, MATCH( $I113, INDEX( "&" BEC_openBDF!$A:$D, 0, (1 + LEN(REGEXEXTRACT($I113,""^[0-9.]+"")) - LEN(SUBSTITUTE(REGEXEXTRACT($I113,""^[0-9.]+""),""."",""""))) ), 0 ), COLUMN()-9 ) ) )"),"..") -> .. | K113: =IFERROR(__xludf.DUMMYFUNCTION("IF( $I113="""", """", IF( COLUMN()-9 > (1 + LEN(REGEXEXTRACT($I113,""^[0-9.]+"")) - LEN(SUBSTITUTE(REGEXEXTRACT($I113,""^[0-9.]+""),""."",""""))), """", INDEX( BEC_openBDF!$A:$D, MATCH( $I113, INDEX( "&" BEC_openBDF!$A:$D, 0, (1 + LEN(REGEXEXTRACT($I113,""^[0-9.]+"")) - LEN(SUBSTITUTE(REGEXEXTRACT($I113,""^[0-9.]+""),""."",""""))) ), 0 ), COLUMN()-9 ) ) )"),"..") -> .. | L113: =IFERROR(__xludf.DUMMYFUNCTION("IF( $I113="""", """", IF( COLUMN()-9 > (1 + LEN(REGEXEXTRACT($I113,""^[0-9.]+"")) - LEN(SUBSTITUTE(REGEXEXTRACT($I113,""^[0-9.]+""),""."",""""))), """", INDEX( BEC_openBDF!$A:$D, MATCH( $I113, INDEX( "&" BEC_openBDF!$A:$D, 0, (1 + LEN(REGEXEXTRACT($I113,""^[0-9.]+"")) - LEN(SUBSTITUTE(REGEXEXTRACT($I113,""^[0-9.]+""),""."",""""))) ), 0 ), COLUMN()-9 ) ) )"),"..") -> .. | M113: =IFERROR(__xludf.DUMMYFUNCTION("IF( $I113="""", """", IF( COLUMN()-9 > (1 + LEN(REGEXEXTRACT($I113,""^[0-9.]+"")) - LEN(SUBSTITUTE(REGEXEXTRACT($I113,""^[0-9.]+""),""."",""""))), """", INDEX( BEC_openBDF!$A:$D, MATCH( $I113, INDEX( "&" BEC_openBDF!$A:$D, 0, (1 + LEN(REGEXEXTRACT($I113,""^[0-9.]+"")) - LEN(SUBSTITUTE(REGEXEXTRACT($I113,""^[0-9.]+""),""."",""""))) ), 0 ), COLUMN()-9 ) ) )"),"")
I114: .. | J114: =IFERROR(__xludf.DUMMYFUNCTION("IF( $I114="""", """", IF( COLUMN()-9 > (1 + LEN(REGEXEXTRACT($I114,""^[0-9.]+"")) - LEN(SUBSTITUTE(REGEXEXTRACT($I114,""^[0-9.]+""),""."",""""))), """", INDEX( BEC_openBDF!$A:$D, MATCH( $I114, INDEX( "&" BEC_openBDF!$A:$D, 0, (1 + LEN(REGEXEXTRACT($I114,""^[0-9.]+"")) - LEN(SUBSTITUTE(REGEXEXTRACT($I114,""^[0-9.]+""),""."",""""))) ), 0 ), COLUMN()-9 ) ) )"),"..") -> .. | K114: =IFERROR(__xludf.DUMMYFUNCTION("IF( $I114="""", """", IF( COLUMN()-9 > (1 + LEN(REGEXEXTRACT($I114,""^[0-9.]+"")) - LEN(SUBSTITUTE(REGEXEXTRACT($I114,""^[0-9.]+""),""."",""""))), """", INDEX( BEC_openBDF!$A:$D, MATCH( $I114, INDEX( "&" BEC_openBDF!$A:$D, 0, (1 + LEN(REGEXEXTRACT($I114,""^[0-9.]+"")) - LEN(SUBSTITUTE(REGEXEXTRACT($I114,""^[0-9.]+""),""."",""""))) ), 0 ), COLUMN()-9 ) ) )"),"..") -> .. | L114: =IFERROR(__xludf.DUMMYFUNCTION("IF( $I114="""", """", IF( COLUMN()-9 > (1 + LEN(REGEXEXTRACT($I114,""^[0-9.]+"")) - LEN(SUBSTITUTE(REGEXEXTRACT($I114,""^[0-9.]+""),""."",""""))), """", INDEX( BEC_openBDF!$A:$D, MATCH( $I114, INDEX( "&" BEC_openBDF!$A:$D, 0, (1 + LEN(REGEXEXTRACT($I114,""^[0-9.]+"")) - LEN(SUBSTITUTE(REGEXEXTRACT($I114,""^[0-9.]+""),""."",""""))) ), 0 ), COLUMN()-9 ) ) )"),"..") -> .. | M114: =IFERROR(__xludf.DUMMYFUNCTION("IF( $I114="""", """", IF( COLUMN()-9 > (1 + LEN(REGEXEXTRACT($I114,""^[0-9.]+"")) - LEN(SUBSTITUTE(REGEXEXTRACT($I114,""^[0-9.]+""),""."",""""))), """", INDEX( BEC_openBDF!$A:$D, MATCH( $I114, INDEX( "&" BEC_openBDF!$A:$D, 0, (1 + LEN(REGEXEXTRACT($I114,""^[0-9.]+"")) - LEN(SUBSTITUTE(REGEXEXTRACT($I114,""^[0-9.]+""),""."",""""))) ), 0 ), COLUMN()-9 ) ) )"),"")
I115: .. | J115: =IFERROR(__xludf.DUMMYFUNCTION("IF( $I115="""", """", IF( COLUMN()-9 > (1 + LEN(REGEXEXTRACT($I115,""^[0-9.]+"")) - LEN(SUBSTITUTE(REGEXEXTRACT($I115,""^[0-9.]+""),""."",""""))), """", INDEX( BEC_openBDF!$A:$D, MATCH( $I115, INDEX( "&" BEC_openBDF!$A:$D, 0, (1 + LEN(REGEXEXTRACT($I115,""^[0-9.]+"")) - LEN(SUBSTITUTE(REGEXEXTRACT($I115,""^[0-9.]+""),""."",""""))) ), 0 ), COLUMN()-9 ) ) )"),"..") -> .. | K115: =IFERROR(__xludf.DUMMYFUNCTION("IF( $I115="""", """", IF( COLUMN()-9 > (1 + LEN(REGEXEXTRACT($I115,""^[0-9.]+"")) - LEN(SUBSTITUTE(REGEXEXTRACT($I115,""^[0-9.]+""),""."",""""))), """", INDEX( BEC_openBDF!$A:$D, MATCH( $I115, INDEX( "&" BEC_openBDF!$A:$D, 0, (1 + LEN(REGEXEXTRACT($I115,""^[0-9.]+"")) - LEN(SUBSTITUTE(REGEXEXTRACT($I115,""^[0-9.]+""),""."",""""))) ), 0 ), COLUMN()-9 ) ) )"),"..") -> .. | L115: =IFERROR(__xludf.DUMMYFUNCTION("IF( $I115="""", """", IF( COLUMN()-9 > (1 + LEN(REGEXEXTRACT($I115,""^[0-9.]+"")) - LEN(SUBSTITUTE(REGEXEXTRACT($I115,""^[0-9.]+""),""."",""""))), """", INDEX( BEC_openBDF!$A:$D, MATCH( $I115, INDEX( "&" BEC_openBDF!$A:$D, 0, (1 + LEN(REGEXEXTRACT($I115,""^[0-9.]+"")) - LEN(SUBSTITUTE(REGEXEXTRACT($I115,""^[0-9.]+""),""."",""""))) ), 0 ), COLUMN()-9 ) ) )"),"..") -> .. | M115: =IFERROR(__xludf.DUMMYFUNCTION("IF( $I115="""", """", IF( COLUMN()-9 > (1 + LEN(REGEXEXTRACT($I115,""^[0-9.]+"")) - LEN(SUBSTITUTE(REGEXEXTRACT($I115,""^[0-9.]+""),""."",""""))), """", INDEX( BEC_openBDF!$A:$D, MATCH( $I115, INDEX( "&" BEC_openBDF!$A:$D, 0, (1 + LEN(REGEXEXTRACT($I115,""^[0-9.]+"")) - LEN(SUBSTITUTE(REGEXEXTRACT($I115,""^[0-9.]+""),""."",""""))) ), 0 ), COLUMN()-9 ) ) )"),"")
I116: .. | J116: =IFERROR(__xludf.DUMMYFUNCTION("IF( $I116="""", """", IF( COLUMN()-9 > (1 + LEN(REGEXEXTRACT($I116,""^[0-9.]+"")) - LEN(SUBSTITUTE(REGEXEXTRACT($I116,""^[0-9.]+""),""."",""""))), """", INDEX( BEC_openBDF!$A:$D, MATCH( $I116, INDEX( "&" BEC_openBDF!$A:$D, 0, (1 + LEN(REGEXEXTRACT($I116,""^[0-9.]+"")) - LEN(SUBSTITUTE(REGEXEXTRACT($I116,""^[0-9.]+""),""."",""""))) ), 0 ), COLUMN()-9 ) ) )"),"..") -> .. | K116: =IFERROR(__xludf.DUMMYFUNCTION("IF( $I116="""", """", IF( COLUMN()-9 > (1 + LEN(REGEXEXTRACT($I116,""^[0-9.]+"")) - LEN(SUBSTITUTE(REGEXEXTRACT($I116,""^[0-9.]+""),""."",""""))), """", INDEX( BEC_openBDF!$A:$D, MATCH( $I116, INDEX( "&" BEC_openBDF!$A:$D, 0, (1 + LEN(REGEXEXTRACT($I116,""^[0-9.]+"")) - LEN(SUBSTITUTE(REGEXEXTRACT($I116,""^[0-9.]+""),""."",""""))) ), 0 ), COLUMN()-9 ) ) )"),"..") -> .. | L116: =IFERROR(__xludf.DUMMYFUNCTION("IF( $I116="""", """", IF( COLUMN()-9 > (1 + LEN(REGEXEXTRACT($I116,""^[0-9.]+"")) - LEN(SUBSTITUTE(REGEXEXTRACT($I116,""^[0-9.]+""),""."",""""))), """", INDEX( BEC_openBDF!$A:$D, MATCH( $I116, INDEX( "&" BEC_openBDF!$A:$D, 0, (1 + LEN(REGEXEXTRACT($I116,""^[0-9.]+"")) - LEN(SUBSTITUTE(REGEXEXTRACT($I116,""^[0-9.]+""),""."",""""))) ), 0 ), COLUMN()-9 ) ) )"),"..") -> .. | M116: =IFERROR(__xludf.DUMMYFUNCTION("IF( $I116="""", """", IF( COLUMN()-9 > (1 + LEN(REGEXEXTRACT($I116,""^[0-9.]+"")) - LEN(SUBSTITUTE(REGEXEXTRACT($I116,""^[0-9.]+""),""."",""""))), """", INDEX( BEC_openBDF!$A:$D, MATCH( $I116, INDEX( "&" BEC_openBDF!$A:$D, 0, (1 + LEN(REGEXEXTRACT($I116,""^[0-9.]+"")) - LEN(SUBSTITUTE(REGEXEXTRACT($I116,""^[0-9.]+""),""."",""""))) ), 0 ), COLUMN()-9 ) ) )"),"")
I117: .. | J117: =IFERROR(__xludf.DUMMYFUNCTION("IF( $I117="""", """", IF( COLUMN()-9 > (1 + LEN(REGEXEXTRACT($I117,""^[0-9.]+"")) - LEN(SUBSTITUTE(REGEXEXTRACT($I117,""^[0-9.]+""),""."",""""))), """", INDEX( BEC_openBDF!$A:$D, MATCH( $I117, INDEX( "&" BEC_openBDF!$A:$D, 0, (1 + LEN(REGEXEXTRACT($I117,""^[0-9.]+"")) - LEN(SUBSTITUTE(REGEXEXTRACT($I117,""^[0-9.]+""),""."",""""))) ), 0 ), COLUMN()-9 ) ) )"),"..") -> .. | K117: =IFERROR(__xludf.DUMMYFUNCTION("IF( $I117="""", """", IF( COLUMN()-9 > (1 + LEN(REGEXEXTRACT($I117,""^[0-9.]+"")) - LEN(SUBSTITUTE(REGEXEXTRACT($I117,""^[0-9.]+""),""."",""""))), """", INDEX( BEC_openBDF!$A:$D, MATCH( $I117, INDEX( "&" BEC_openBDF!$A:$D, 0, (1 + LEN(REGEXEXTRACT($I117,""^[0-9.]+"")) - LEN(SUBSTITUTE(REGEXEXTRACT($I117,""^[0-9.]+""),""."",""""))) ), 0 ), COLUMN()-9 ) ) )"),"..") -> .. | L117: =IFERROR(__xludf.DUMMYFUNCTION("IF( $I117="""", """", IF( COLUMN()-9 > (1 + LEN(REGEXEXTRACT($I117,""^[0-9.]+"")) - LEN(SUBSTITUTE(REGEXEXTRACT($I117,""^[0-9.]+""),""."",""""))), """", INDEX( BEC_openBDF!$A:$D, MATCH( $I117, INDEX( "&" BEC_openBDF!$A:$D, 0, (1 + LEN(REGEXEXTRACT($I117,""^[0-9.]+"")) - LEN(SUBSTITUTE(REGEXEXTRACT($I117,""^[0-9.]+""),""."",""""))) ), 0 ), COLUMN()-9 ) ) )"),"..") -> .. | M117: =IFERROR(__xludf.DUMMYFUNCTION("IF( $I117="""", """", IF( COLUMN()-9 > (1 + LEN(REGEXEXTRACT($I117,""^[0-9.]+"")) - LEN(SUBSTITUTE(REGEXEXTRACT($I117,""^[0-9.]+""),""."",""""))), """", INDEX( BEC_openBDF!$A:$D, MATCH( $I117, INDEX( "&" BEC_openBDF!$A:$D, 0, (1 + LEN(REGEXEXTRACT($I117,""^[0-9.]+"")) - LEN(SUBSTITUTE(REGEXEXTRACT($I117,""^[0-9.]+""),""."",""""))) ), 0 ), COLUMN()-9 ) ) )"),"")
I118: .. | J118: =IFERROR(__xludf.DUMMYFUNCTION("IF( $I118="""", """", IF( COLUMN()-9 > (1 + LEN(REGEXEXTRACT($I118,""^[0-9.]+"")) - LEN(SUBSTITUTE(REGEXEXTRACT($I118,""^[0-9.]+""),""."",""""))), """", INDEX( BEC_openBDF!$A:$D, MATCH( $I118, INDEX( "&" BEC_openBDF!$A:$D, 0, (1 + LEN(REGEXEXTRACT($I118,""^[0-9.]+"")) - LEN(SUBSTITUTE(REGEXEXTRACT($I118,""^[0-9.]+""),""."",""""))) ), 0 ), COLUMN()-9 ) ) )"),"..") -> .. | K118: =IFERROR(__xludf.DUMMYFUNCTION("IF( $I118="""", """", IF( COLUMN()-9 > (1 + LEN(REGEXEXTRACT($I118,""^[0-9.]+"")) - LEN(SUBSTITUTE(REGEXEXTRACT($I118,""^[0-9.]+""),""."",""""))), """", INDEX( BEC_openBDF!$A:$D, MATCH( $I118, INDEX( "&" BEC_openBDF!$A:$D, 0, (1 + LEN(REGEXEXTRACT($I118,""^[0-9.]+"")) - LEN(SUBSTITUTE(REGEXEXTRACT($I118,""^[0-9.]+""),""."",""""))) ), 0 ), COLUMN()-9 ) ) )"),"..") -> .. | L118: =IFERROR(__xludf.DUMMYFUNCTION("IF( $I118="""", """", IF( COLUMN()-9 > (1 + LEN(REGEXEXTRACT($I118,""^[0-9.]+"")) - LEN(SUBSTITUTE(REGEXEXTRACT($I118,""^[0-9.]+""),""."",""""))), """", INDEX( BEC_openBDF!$A:$D, MATCH( $I118, INDEX( "&" BEC_openBDF!$A:$D, 0, (1 + LEN(REGEXEXTRACT($I118,""^[0-9.]+"")) - LEN(SUBSTITUTE(REGEXEXTRACT($I118,""^[0-9.]+""),""."",""""))) ), 0 ), COLUMN()-9 ) ) )"),"..") -> .. | M118: =IFERROR(__xludf.DUMMYFUNCTION("IF( $I118="""", """", IF( COLUMN()-9 > (1 + LEN(REGEXEXTRACT($I118,""^[0-9.]+"")) - LEN(SUBSTITUTE(REGEXEXTRACT($I118,""^[0-9.]+""),""."",""""))), """", INDEX( BEC_openBDF!$A:$D, MATCH( $I118, INDEX( "&" BEC_openBDF!$A:$D, 0, (1 + LEN(REGEXEXTRACT($I118,""^[0-9.]+"")) - LEN(SUBSTITUTE(REGEXEXTRACT($I118,""^[0-9.]+""),""."",""""))) ), 0 ), COLUMN()-9 ) ) )"),"")
I119: .. | J119: =IFERROR(__xludf.DUMMYFUNCTION("IF( $I119="""", """", IF( COLUMN()-9 > (1 + LEN(REGEXEXTRACT($I119,""^[0-9.]+"")) - LEN(SUBSTITUTE(REGEXEXTRACT($I119,""^[0-9.]+""),""."",""""))), """", INDEX( BEC_openBDF!$A:$D, MATCH( $I119, INDEX( "&" BEC_openBDF!$A:$D, 0, (1 + LEN(REGEXEXTRACT($I119,""^[0-9.]+"")) - LEN(SUBSTITUTE(REGEXEXTRACT($I119,""^[0-9.]+""),""."",""""))) ), 0 ), COLUMN()-9 ) ) )"),"..") -> .. | K119: =IFERROR(__xludf.DUMMYFUNCTION("IF( $I119="""", """", IF( COLUMN()-9 > (1 + LEN(REGEXEXTRACT($I119,""^[0-9.]+"")) - LEN(SUBSTITUTE(REGEXEXTRACT($I119,""^[0-9.]+""),""."",""""))), """", INDEX( BEC_openBDF!$A:$D, MATCH( $I119, INDEX( "&" BEC_openBDF!$A:$D, 0, (1 + LEN(REGEXEXTRACT($I119,""^[0-9.]+"")) - LEN(SUBSTITUTE(REGEXEXTRACT($I119,""^[0-9.]+""),""."",""""))) ), 0 ), COLUMN()-9 ) ) )"),"..") -> .. | L119: =IFERROR(__xludf.DUMMYFUNCTION("IF( $I119="""", """", IF( COLUMN()-9 > (1 + LEN(REGEXEXTRACT($I119,""^[0-9.]+"")) - LEN(SUBSTITUTE(REGEXEXTRACT($I119,""^[0-9.]+""),""."",""""))), """", INDEX( BEC_openBDF!$A:$D, MATCH( $I119, INDEX( "&" BEC_openBDF!$A:$D, 0, (1 + LEN(REGEXEXTRACT($I119,""^[0-9.]+"")) - LEN(SUBSTITUTE(REGEXEXTRACT($I119,""^[0-9.]+""),""."",""""))) ), 0 ), COLUMN()-9 ) ) )"),"..") -> .. | M119: =IFERROR(__xludf.DUMMYFUNCTION("IF( $I119="""", """", IF( COLUMN()-9 > (1 + LEN(REGEXEXTRACT($I119,""^[0-9.]+"")) - LEN(SUBSTITUTE(REGEXEXTRACT($I119,""^[0-9.]+""),""."",""""))), """", INDEX( BEC_openBDF!$A:$D, MATCH( $I119, INDEX( "&" BEC_openBDF!$A:$D, 0, (1 + LEN(REGEXEXTRACT($I119,""^[0-9.]+"")) - LEN(SUBSTITUTE(REGEXEXTRACT($I119,""^[0-9.]+""),""."",""""))) ), 0 ), COLUMN()-9 ) ) )"),"")
I120: .. | J120: =IFERROR(__xludf.DUMMYFUNCTION("IF( $I120="""", """", IF( COLUMN()-9 > (1 + LEN(REGEXEXTRACT($I120,""^[0-9.]+"")) - LEN(SUBSTITUTE(REGEXEXTRACT($I120,""^[0-9.]+""),""."",""""))), """", INDEX( BEC_openBDF!$A:$D, MATCH( $I120, INDEX( "&" BEC_openBDF!$A:$D, 0, (1 + LEN(REGEXEXTRACT($I120,""^[0-9.]+"")) - LEN(SUBSTITUTE(REGEXEXTRACT($I120,""^[0-9.]+""),""."",""""))) ), 0 ), COLUMN()-9 ) ) )"),"..") -> .. | K120: =IFERROR(__xludf.DUMMYFUNCTION("IF( $I120="""", """", IF( COLUMN()-9 > (1 + LEN(REGEXEXTRACT($I120,""^[0-9.]+"")) - LEN(SUBSTITUTE(REGEXEXTRACT($I120,""^[0-9.]+""),""."",""""))), """", INDEX( BEC_openBDF!$A:$D, MATCH( $I120, INDEX( "&" BEC_openBDF!$A:$D, 0, (1 + LEN(REGEXEXTRACT($I120,""^[0-9.]+"")) - LEN(SUBSTITUTE(REGEXEXTRACT($I120,""^[0-9.]+""),""."",""""))) ), 0 ), COLUMN()-9 ) ) )"),"..") -> .. | L120: =IFERROR(__xludf.DUMMYFUNCTION("IF( $I120="""", """", IF( COLUMN()-9 > (1 + LEN(REGEXEXTRACT($I120,""^[0-9.]+"")) - LEN(SUBSTITUTE(REGEXEXTRACT($I120,""^[0-9.]+""),""."",""""))), """", INDEX( BEC_openBDF!$A:$D, MATCH( $I120, INDEX( "&" BEC_openBDF!$A:$D, 0, (1 + LEN(REGEXEXTRACT($I120,""^[0-9.]+"")) - LEN(SUBSTITUTE(REGEXEXTRACT($I120,""^[0-9.]+""),""."",""""))) ), 0 ), COLUMN()-9 ) ) )"),"..") -> .. | M120: =IFERROR(__xludf.DUMMYFUNCTION("IF( $I120="""", """", IF( COLUMN()-9 > (1 + LEN(REGEXEXTRACT($I120,""^[0-9.]+"")) - LEN(SUBSTITUTE(REGEXEXTRACT($I120,""^[0-9.]+""),""."",""""))), """", INDEX( BEC_openBDF!$A:$D, MATCH( $I120, INDEX( "&" BEC_openBDF!$A:$D, 0, (1 + LEN(REGEXEXTRACT($I120,""^[0-9.]+"")) - LEN(SUBSTITUTE(REGEXEXTRACT($I120,""^[0-9.]+""),""."",""""))) ), 0 ), COLUMN()-9 ) ) )"),"")
I121: .. | J121: =IFERROR(__xludf.DUMMYFUNCTION("IF( $I121="""", """", IF( COLUMN()-9 > (1 + LEN(REGEXEXTRACT($I121,""^[0-9.]+"")) - LEN(SUBSTITUTE(REGEXEXTRACT($I121,""^[0-9.]+""),""."",""""))), """", INDEX( BEC_openBDF!$A:$D, MATCH( $I121, INDEX( "&" BEC_openBDF!$A:$D, 0, (1 + LEN(REGEXEXTRACT($I121,""^[0-9.]+"")) - LEN(SUBSTITUTE(REGEXEXTRACT($I121,""^[0-9.]+""),""."",""""))) ), 0 ), COLUMN()-9 ) ) )"),"..") -> .. | K121: =IFERROR(__xludf.DUMMYFUNCTION("IF( $I121="""", """", IF( COLUMN()-9 > (1 + LEN(REGEXEXTRACT($I121,""^[0-9.]+"")) - LEN(SUBSTITUTE(REGEXEXTRACT($I121,""^[0-9.]+""),""."",""""))), """", INDEX( BEC_openBDF!$A:$D, MATCH( $I121, INDEX( "&" BEC_openBDF!$A:$D, 0, (1 + LEN(REGEXEXTRACT($I121,""^[0-9.]+"")) - LEN(SUBSTITUTE(REGEXEXTRACT($I121,""^[0-9.]+""),""."",""""))) ), 0 ), COLUMN()-9 ) ) )"),"..") -> .. | L121: =IFERROR(__xludf.DUMMYFUNCTION("IF( $I121="""", """", IF( COLUMN()-9 > (1 + LEN(REGEXEXTRACT($I121,""^[0-9.]+"")) - LEN(SUBSTITUTE(REGEXEXTRACT($I121,""^[0-9.]+""),""."",""""))), """", INDEX( BEC_openBDF!$A:$D, MATCH( $I121, INDEX( "&" BEC_openBDF!$A:$D, 0, (1 + LEN(REGEXEXTRACT($I121,""^[0-9.]+"")) - LEN(SUBSTITUTE(REGEXEXTRACT($I121,""^[0-9.]+""),""."",""""))) ), 0 ), COLUMN()-9 ) ) )"),"..") -> .. | M121: =IFERROR(__xludf.DUMMYFUNCTION("IF( $I121="""", """", IF( COLUMN()-9 > (1 + LEN(REGEXEXTRACT($I121,""^[0-9.]+"")) - LEN(SUBSTITUTE(REGEXEXTRACT($I121,""^[0-9.]+""),""."",""""))), """", INDEX( BEC_openBDF!$A:$D, MATCH( $I121, INDEX( "&" BEC_openBDF!$A:$D, 0, (1 + LEN(REGEXEXTRACT($I121,""^[0-9.]+"")) - LEN(SUBSTITUTE(REGEXEXTRACT($I121,""^[0-9.]+""),""."",""""))) ), 0 ), COLUMN()-9 ) ) )"),"")
I122: .. | J122: =IFERROR(__xludf.DUMMYFUNCTION("IF( $I122="""", """", IF( COLUMN()-9 > (1 + LEN(REGEXEXTRACT($I122,""^[0-9.]+"")) - LEN(SUBSTITUTE(REGEXEXTRACT($I122,""^[0-9.]+""),""."",""""))), """", INDEX( BEC_openBDF!$A:$D, MATCH( $I122, INDEX( "&" BEC_openBDF!$A:$D, 0, (1 + LEN(REGEXEXTRACT($I122,""^[0-9.]+"")) - LEN(SUBSTITUTE(REGEXEXTRACT($I122,""^[0-9.]+""),""."",""""))) ), 0 ), COLUMN()-9 ) ) )"),"..") -> .. | K122: =IFERROR(__xludf.DUMMYFUNCTION("IF( $I122="""", """", IF( COLUMN()-9 > (1 + LEN(REGEXEXTRACT($I122,""^[0-9.]+"")) - LEN(SUBSTITUTE(REGEXEXTRACT($I122,""^[0-9.]+""),""."",""""))), """", INDEX( BEC_openBDF!$A:$D, MATCH( $I122, INDEX( "&" BEC_openBDF!$A:$D, 0, (1 + LEN(REGEXEXTRACT($I122,""^[0-9.]+"")) - LEN(SUBSTITUTE(REGEXEXTRACT($I122,""^[0-9.]+""),""."",""""))) ), 0 ), COLUMN()-9 ) ) )"),"..") -> .. | L122: =IFERROR(__xludf.DUMMYFUNCTION("IF( $I122="""", """", IF( COLUMN()-9 > (1 + LEN(REGEXEXTRACT($I122,""^[0-9.]+"")) - LEN(SUBSTITUTE(REGEXEXTRACT($I122,""^[0-9.]+""),""."",""""))), """", INDEX( BEC_openBDF!$A:$D, MATCH( $I122, INDEX( "&" BEC_openBDF!$A:$D, 0, (1 + LEN(REGEXEXTRACT($I122,""^[0-9.]+"")) - LEN(SUBSTITUTE(REGEXEXTRACT($I122,""^[0-9.]+""),""."",""""))) ), 0 ), COLUMN()-9 ) ) )"),"..") -> .. | M122: =IFERROR(__xludf.DUMMYFUNCTION("IF( $I122="""", """", IF( COLUMN()-9 > (1 + LEN(REGEXEXTRACT($I122,""^[0-9.]+"")) - LEN(SUBSTITUTE(REGEXEXTRACT($I122,""^[0-9.]+""),""."",""""))), """", INDEX( BEC_openBDF!$A:$D, MATCH( $I122, INDEX( "&" BEC_openBDF!$A:$D, 0, (1 + LEN(REGEXEXTRACT($I122,""^[0-9.]+"")) - LEN(SUBSTITUTE(REGEXEXTRACT($I122,""^[0-9.]+""),""."",""""))) ), 0 ), COLUMN()-9 ) ) )"),"")
I123: .. | J123: =IFERROR(__xludf.DUMMYFUNCTION("IF( $I123="""", """", IF( COLUMN()-9 > (1 + LEN(REGEXEXTRACT($I123,""^[0-9.]+"")) - LEN(SUBSTITUTE(REGEXEXTRACT($I123,""^[0-9.]+""),""."",""""))), """", INDEX( BEC_openBDF!$A:$D, MATCH( $I123, INDEX( "&" BEC_openBDF!$A:$D, 0, (1 + LEN(REGEXEXTRACT($I123,""^[0-9.]+"")) - LEN(SUBSTITUTE(REGEXEXTRACT($I123,""^[0-9.]+""),""."",""""))) ), 0 ), COLUMN()-9 ) ) )"),"..") -> .. | K123: =IFERROR(__xludf.DUMMYFUNCTION("IF( $I123="""", """", IF( COLUMN()-9 > (1 + LEN(REGEXEXTRACT($I123,""^[0-9.]+"")) - LEN(SUBSTITUTE(REGEXEXTRACT($I123,""^[0-9.]+""),""."",""""))), """", INDEX( BEC_openBDF!$A:$D, MATCH( $I123, INDEX( "&" BEC_openBDF!$A:$D, 0, (1 + LEN(REGEXEXTRACT($I123,""^[0-9.]+"")) - LEN(SUBSTITUTE(REGEXEXTRACT($I123,""^[0-9.]+""),""."",""""))) ), 0 ), COLUMN()-9 ) ) )"),"..") -> .. | L123: =IFERROR(__xludf.DUMMYFUNCTION("IF( $I123="""", """", IF( COLUMN()-9 > (1 + LEN(REGEXEXTRACT($I123,""^[0-9.]+"")) - LEN(SUBSTITUTE(REGEXEXTRACT($I123,""^[0-9.]+""),""."",""""))), """", INDEX( BEC_openBDF!$A:$D, MATCH( $I123, INDEX( "&" BEC_openBDF!$A:$D, 0, (1 + LEN(REGEXEXTRACT($I123,""^[0-9.]+"")) - LEN(SUBSTITUTE(REGEXEXTRACT($I123,""^[0-9.]+""),""."",""""))) ), 0 ), COLUMN()-9 ) ) )"),"..") -> .. | M123: =IFERROR(__xludf.DUMMYFUNCTION("IF( $I123="""", """", IF( COLUMN()-9 > (1 + LEN(REGEXEXTRACT($I123,""^[0-9.]+"")) - LEN(SUBSTITUTE(REGEXEXTRACT($I123,""^[0-9.]+""),""."",""""))), """", INDEX( BEC_openBDF!$A:$D, MATCH( $I123, INDEX( "&" BEC_openBDF!$A:$D, 0, (1 + LEN(REGEXEXTRACT($I123,""^[0-9.]+"")) - LEN(SUBSTITUTE(REGEXEXTRACT($I123,""^[0-9.]+""),""."",""""))) ), 0 ), COLUMN()-9 ) ) )"),"")
I124: .. | J124: =IFERROR(__xludf.DUMMYFUNCTION("IF( $I124="""", """", IF( COLUMN()-9 > (1 + LEN(REGEXEXTRACT($I124,""^[0-9.]+"")) - LEN(SUBSTITUTE(REGEXEXTRACT($I124,""^[0-9.]+""),""."",""""))), """", INDEX( BEC_openBDF!$A:$D, MATCH( $I124, INDEX( "&" BEC_openBDF!$A:$D, 0, (1 + LEN(REGEXEXTRACT($I124,""^[0-9.]+"")) - LEN(SUBSTITUTE(REGEXEXTRACT($I124,""^[0-9.]+""),""."",""""))) ), 0 ), COLUMN()-9 ) ) )"),"..") -> .. | K124: =IFERROR(__xludf.DUMMYFUNCTION("IF( $I124="""", """", IF( COLUMN()-9 > (1 + LEN(REGEXEXTRACT($I124,""^[0-9.]+"")) - LEN(SUBSTITUTE(REGEXEXTRACT($I124,""^[0-9.]+""),""."",""""))), """", INDEX( BEC_openBDF!$A:$D, MATCH( $I124, INDEX( "&" BEC_openBDF!$A:$D, 0, (1 + LEN(REGEXEXTRACT($I124,""^[0-9.]+"")) - LEN(SUBSTITUTE(REGEXEXTRACT($I124,""^[0-9.]+""),""."",""""))) ), 0 ), COLUMN()-9 ) ) )"),"..") -> .. | L124: =IFERROR(__xludf.DUMMYFUNCTION("IF( $I124="""", """", IF( COLUMN()-9 > (1 + LEN(REGEXEXTRACT($I124,""^[0-9.]+"")) - LEN(SUBSTITUTE(REGEXEXTRACT($I124,""^[0-9.]+""),""."",""""))), """", INDEX( BEC_openBDF!$A:$D, MATCH( $I124, INDEX( "&" BEC_openBDF!$A:$D, 0, (1 + LEN(REGEXEXTRACT($I124,""^[0-9.]+"")) - LEN(SUBSTITUTE(REGEXEXTRACT($I124,""^[0-9.]+""),""."",""""))) ), 0 ), COLUMN()-9 ) ) )"),"..") -> .. | M124: =IFERROR(__xludf.DUMMYFUNCTION("IF( $I124="""", """", IF( COLUMN()-9 > (1 + LEN(REGEXEXTRACT($I124,""^[0-9.]+"")) - LEN(SUBSTITUTE(REGEXEXTRACT($I124,""^[0-9.]+""),""."",""""))), """", INDEX( BEC_openBDF!$A:$D, MATCH( $I124, INDEX( "&" BEC_openBDF!$A:$D, 0, (1 + LEN(REGEXEXTRACT($I124,""^[0-9.]+"")) - LEN(SUBSTITUTE(REGEXEXTRACT($I124,""^[0-9.]+""),""."",""""))) ), 0 ), COLUMN()-9 ) ) )"),"")
I125: .. | J125: =IFERROR(__xludf.DUMMYFUNCTION("IF( $I125="""", """", IF( COLUMN()-9 > (1 + LEN(REGEXEXTRACT($I125,""^[0-9.]+"")) - LEN(SUBSTITUTE(REGEXEXTRACT($I125,""^[0-9.]+""),""."",""""))), """", INDEX( BEC_openBDF!$A:$D, MATCH( $I125, INDEX( "&" BEC_openBDF!$A:$D, 0, (1 + LEN(REGEXEXTRACT($I125,""^[0-9.]+"")) - LEN(SUBSTITUTE(REGEXEXTRACT($I125,""^[0-9.]+""),""."",""""))) ), 0 ), COLUMN()-9 ) ) )"),"..") -> .. | K125: =IFERROR(__xludf.DUMMYFUNCTION("IF( $I125="""", """", IF( COLUMN()-9 > (1 + LEN(REGEXEXTRACT($I125,""^[0-9.]+"")) - LEN(SUBSTITUTE(REGEXEXTRACT($I125,""^[0-9.]+""),""."",""""))), """", INDEX( BEC_openBDF!$A:$D, MATCH( $I125, INDEX( "&" BEC_openBDF!$A:$D, 0, (1 + LEN(REGEXEXTRACT($I125,""^[0-9.]+"")) - LEN(SUBSTITUTE(REGEXEXTRACT($I125,""^[0-9.]+""),""."",""""))) ), 0 ), COLUMN()-9 ) ) )"),"..") -> .. | L125: =IFERROR(__xludf.DUMMYFUNCTION("IF( $I125="""", """", IF( COLUMN()-9 > (1 + LEN(REGEXEXTRACT($I125,""^[0-9.]+"")) - LEN(SUBSTITUTE(REGEXEXTRACT($I125,""^[0-9.]+""),""."",""""))), """", INDEX( BEC_openBDF!$A:$D, MATCH( $I125, INDEX( "&" BEC_openBDF!$A:$D, 0, (1 + LEN(REGEXEXTRACT($I125,""^[0-9.]+"")) - LEN(SUBSTITUTE(REGEXEXTRACT($I125,""^[0-9.]+""),""."",""""))) ), 0 ), COLUMN()-9 ) ) )"),"..") -> .. | M125: =IFERROR(__xludf.DUMMYFUNCTION("IF( $I125="""", """", IF( COLUMN()-9 > (1 + LEN(REGEXEXTRACT($I125,""^[0-9.]+"")) - LEN(SUBSTITUTE(REGEXEXTRACT($I125,""^[0-9.]+""),""."",""""))), """", INDEX( BEC_openBDF!$A:$D, MATCH( $I125, INDEX( "&" BEC_openBDF!$A:$D, 0, (1 + LEN(REGEXEXTRACT($I125,""^[0-9.]+"")) - LEN(SUBSTITUTE(REGEXEXTRACT($I125,""^[0-9.]+""),""."",""""))) ), 0 ), COLUMN()-9 ) ) )"),"")
I126: .. | J126: =IFERROR(__xludf.DUMMYFUNCTION("IF( $I126="""", """", IF( COLUMN()-9 > (1 + LEN(REGEXEXTRACT($I126,""^[0-9.]+"")) - LEN(SUBSTITUTE(REGEXEXTRACT($I126,""^[0-9.]+""),""."",""""))), """", INDEX( BEC_openBDF!$A:$D, MATCH( $I126, INDEX( "&" BEC_openBDF!$A:$D, 0, (1 + LEN(REGEXEXTRACT($I126,""^[0-9.]+"")) - LEN(SUBSTITUTE(REGEXEXTRACT($I126,""^[0-9.]+""),""."",""""))) ), 0 ), COLUMN()-9 ) ) )"),"..") -> .. | K126: =IFERROR(__xludf.DUMMYFUNCTION("IF( $I126="""", """", IF( COLUMN()-9 > (1 + LEN(REGEXEXTRACT($I126,""^[0-9.]+"")) - LEN(SUBSTITUTE(REGEXEXTRACT($I126,""^[0-9.]+""),""."",""""))), """", INDEX( BEC_openBDF!$A:$D, MATCH( $I126, INDEX( "&" BEC_openBDF!$A:$D, 0, (1 + LEN(REGEXEXTRACT($I126,""^[0-9.]+"")) - LEN(SUBSTITUTE(REGEXEXTRACT($I126,""^[0-9.]+""),""."",""""))) ), 0 ), COLUMN()-9 ) ) )"),"..") -> .. | L126: =IFERROR(__xludf.DUMMYFUNCTION("IF( $I126="""", """", IF( COLUMN()-9 > (1 + LEN(REGEXEXTRACT($I126,""^[0-9.]+"")) - LEN(SUBSTITUTE(REGEXEXTRACT($I126,""^[0-9.]+""),""."",""""))), """", INDEX( BEC_openBDF!$A:$D, MATCH( $I126, INDEX( "&" BEC_openBDF!$A:$D, 0, (1 + LEN(REGEXEXTRACT($I126,""^[0-9.]+"")) - LEN(SUBSTITUTE(REGEXEXTRACT($I126,""^[0-9.]+""),""."",""""))) ), 0 ), COLUMN()-9 ) ) )"),"..") -> .. | M126: =IFERROR(__xludf.DUMMYFUNCTION("IF( $I126="""", """", IF( COLUMN()-9 > (1 + LEN(REGEXEXTRACT($I126,""^[0-9.]+"")) - LEN(SUBSTITUTE(REGEXEXTRACT($I126,""^[0-9.]+""),""."",""""))), """", INDEX( BEC_openBDF!$A:$D, MATCH( $I126, INDEX( "&" BEC_openBDF!$A:$D, 0, (1 + LEN(REGEXEXTRACT($I126,""^[0-9.]+"")) - LEN(SUBSTITUTE(REGEXEXTRACT($I126,""^[0-9.]+""),""."",""""))) ), 0 ), COLUMN()-9 ) ) )"),"")
I127: .. | J127: =IFERROR(__xludf.DUMMYFUNCTION("IF( $I127="""", """", IF( COLUMN()-9 > (1 + LEN(REGEXEXTRACT($I127,""^[0-9.]+"")) - LEN(SUBSTITUTE(REGEXEXTRACT($I127,""^[0-9.]+""),""."",""""))), """", INDEX( BEC_openBDF!$A:$D, MATCH( $I127, INDEX( "&" BEC_openBDF!$A:$D, 0, (1 + LEN(REGEXEXTRACT($I127,""^[0-9.]+"")) - LEN(SUBSTITUTE(REGEXEXTRACT($I127,""^[0-9.]+""),""."",""""))) ), 0 ), COLUMN()-9 ) ) )"),"..") -> .. | K127: =IFERROR(__xludf.DUMMYFUNCTION("IF( $I127="""", """", IF( COLUMN()-9 > (1 + LEN(REGEXEXTRACT($I127,""^[0-9.]+"")) - LEN(SUBSTITUTE(REGEXEXTRACT($I127,""^[0-9.]+""),""."",""""))), """", INDEX( BEC_openBDF!$A:$D, MATCH( $I127, INDEX( "&" BEC_openBDF!$A:$D, 0, (1 + LEN(REGEXEXTRACT($I127,""^[0-9.]+"")) - LEN(SUBSTITUTE(REGEXEXTRACT($I127,""^[0-9.]+""),""."",""""))) ), 0 ), COLUMN()-9 ) ) )"),"..") -> .. | L127: =IFERROR(__xludf.DUMMYFUNCTION("IF( $I127="""", """", IF( COLUMN()-9 > (1 + LEN(REGEXEXTRACT($I127,""^[0-9.]+"")) - LEN(SUBSTITUTE(REGEXEXTRACT($I127,""^[0-9.]+""),""."",""""))), """", INDEX( BEC_openBDF!$A:$D, MATCH( $I127, INDEX( "&" BEC_openBDF!$A:$D, 0, (1 + LEN(REGEXEXTRACT($I127,""^[0-9.]+"")) - LEN(SUBSTITUTE(REGEXEXTRACT($I127,""^[0-9.]+""),""."",""""))) ), 0 ), COLUMN()-9 ) ) )"),"..") -> .. | M127: =IFERROR(__xludf.DUMMYFUNCTION("IF( $I127="""", """", IF( COLUMN()-9 > (1 + LEN(REGEXEXTRACT($I127,""^[0-9.]+"")) - LEN(SUBSTITUTE(REGEXEXTRACT($I127,""^[0-9.]+""),""."",""""))), """", INDEX( BEC_openBDF!$A:$D, MATCH( $I127, INDEX( "&" BEC_openBDF!$A:$D, 0, (1 + LEN(REGEXEXTRACT($I127,""^[0-9.]+"")) - LEN(SUBSTITUTE(REGEXEXTRACT($I127,""^[0-9.]+""),""."",""""))) ), 0 ), COLUMN()-9 ) ) )"),"")
I128: .. | J128: =IFERROR(__xludf.DUMMYFUNCTION("IF( $I128="""", """", IF( COLUMN()-9 > (1 + LEN(REGEXEXTRACT($I128,""^[0-9.]+"")) - LEN(SUBSTITUTE(REGEXEXTRACT($I128,""^[0-9.]+""),""."",""""))), """", INDEX( BEC_openBDF!$A:$D, MATCH( $I128, INDEX( "&" BEC_openBDF!$A:$D, 0, (1 + LEN(REGEXEXTRACT($I128,""^[0-9.]+"")) - LEN(SUBSTITUTE(REGEXEXTRACT($I128,""^[0-9.]+""),""."",""""))) ), 0 ), COLUMN()-9 ) ) )"),"..") -> .. | K128: =IFERROR(__xludf.DUMMYFUNCTION("IF( $I128="""", """", IF( COLUMN()-9 > (1 + LEN(REGEXEXTRACT($I128,""^[0-9.]+"")) - LEN(SUBSTITUTE(REGEXEXTRACT($I128,""^[0-9.]+""),""."",""""))), """", INDEX( BEC_openBDF!$A:$D, MATCH( $I128, INDEX( "&" BEC_openBDF!$A:$D, 0, (1 + LEN(REGEXEXTRACT($I128,""^[0-9.]+"")) - LEN(SUBSTITUTE(REGEXEXTRACT($I128,""^[0-9.]+""),""."",""""))) ), 0 ), COLUMN()-9 ) ) )"),"..") -> .. | L128: =IFERROR(__xludf.DUMMYFUNCTION("IF( $I128="""", """", IF( COLUMN()-9 > (1 + LEN(REGEXEXTRACT($I128,""^[0-9.]+"")) - LEN(SUBSTITUTE(REGEXEXTRACT($I128,""^[0-9.]+""),""."",""""))), """", INDEX( BEC_openBDF!$A:$D, MATCH( $I128, INDEX( "&" BEC_openBDF!$A:$D, 0, (1 + LEN(REGEXEXTRACT($I128,""^[0-9.]+"")) - LEN(SUBSTITUTE(REGEXEXTRACT($I128,""^[0-9.]+""),""."",""""))) ), 0 ), COLUMN()-9 ) ) )"),"..") -> .. | M128: =IFERROR(__xludf.DUMMYFUNCTION("IF( $I128="""", """", IF( COLUMN()-9 > (1 + LEN(REGEXEXTRACT($I128,""^[0-9.]+"")) - LEN(SUBSTITUTE(REGEXEXTRACT($I128,""^[0-9.]+""),""."",""""))), """", INDEX( BEC_openBDF!$A:$D, MATCH( $I128, INDEX( "&" BEC_openBDF!$A:$D, 0, (1 + LEN(REGEXEXTRACT($I128,""^[0-9.]+"")) - LEN(SUBSTITUTE(REGEXEXTRACT($I128,""^[0-9.]+""),""."",""""))) ), 0 ), COLUMN()-9 ) ) )"),"")
I129: .. | J129: =IFERROR(__xludf.DUMMYFUNCTION("IF( $I129="""", """", IF( COLUMN()-9 > (1 + LEN(REGEXEXTRACT($I129,""^[0-9.]+"")) - LEN(SUBSTITUTE(REGEXEXTRACT($I129,""^[0-9.]+""),""."",""""))), """", INDEX( BEC_openBDF!$A:$D, MATCH( $I129, INDEX( "&" BEC_openBDF!$A:$D, 0, (1 + LEN(REGEXEXTRACT($I129,""^[0-9.]+"")) - LEN(SUBSTITUTE(REGEXEXTRACT($I129,""^[0-9.]+""),""."",""""))) ), 0 ), COLUMN()-9 ) ) )"),"..") -> .. | K129: =IFERROR(__xludf.DUMMYFUNCTION("IF( $I129="""", """", IF( COLUMN()-9 > (1 + LEN(REGEXEXTRACT($I129,""^[0-9.]+"")) - LEN(SUBSTITUTE(REGEXEXTRACT($I129,""^[0-9.]+""),""."",""""))), """", INDEX( BEC_openBDF!$A:$D, MATCH( $I129, INDEX( "&" BEC_openBDF!$A:$D, 0, (1 + LEN(REGEXEXTRACT($I129,""^[0-9.]+"")) - LEN(SUBSTITUTE(REGEXEXTRACT($I129,""^[0-9.]+""),""."",""""))) ), 0 ), COLUMN()-9 ) ) )"),"..") -> .. | L129: =IFERROR(__xludf.DUMMYFUNCTION("IF( $I129="""", """", IF( COLUMN()-9 > (1 + LEN(REGEXEXTRACT($I129,""^[0-9.]+"")) - LEN(SUBSTITUTE(REGEXEXTRACT($I129,""^[0-9.]+""),""."",""""))), """", INDEX( BEC_openBDF!$A:$D, MATCH( $I129, INDEX( "&" BEC_openBDF!$A:$D, 0, (1 + LEN(REGEXEXTRACT($I129,""^[0-9.]+"")) - LEN(SUBSTITUTE(REGEXEXTRACT($I129,""^[0-9.]+""),""."",""""))) ), 0 ), COLUMN()-9 ) ) )"),"..") -> .. | M129: =IFERROR(__xludf.DUMMYFUNCTION("IF( $I129="""", """", IF( COLUMN()-9 > (1 + LEN(REGEXEXTRACT($I129,""^[0-9.]+"")) - LEN(SUBSTITUTE(REGEXEXTRACT($I129,""^[0-9.]+""),""."",""""))), """", INDEX( BEC_openBDF!$A:$D, MATCH( $I129, INDEX( "&" BEC_openBDF!$A:$D, 0, (1 + LEN(REGEXEXTRACT($I129,""^[0-9.]+"")) - LEN(SUBSTITUTE(REGEXEXTRACT($I129,""^[0-9.]+""),""."",""""))) ), 0 ), COLUMN()-9 ) ) )"),"")
I130: .. | J130: =IFERROR(__xludf.DUMMYFUNCTION("IF( $I130="""", """", IF( COLUMN()-9 > (1 + LEN(REGEXEXTRACT($I130,""^[0-9.]+"")) - LEN(SUBSTITUTE(REGEXEXTRACT($I130,""^[0-9.]+""),""."",""""))), """", INDEX( BEC_openBDF!$A:$D, MATCH( $I130, INDEX( "&" BEC_openBDF!$A:$D, 0, (1 + LEN(REGEXEXTRACT($I130,""^[0-9.]+"")) - LEN(SUBSTITUTE(REGEXEXTRACT($I130,""^[0-9.]+""),""."",""""))) ), 0 ), COLUMN()-9 ) ) )"),"..") -> .. | K130: =IFERROR(__xludf.DUMMYFUNCTION("IF( $I130="""", """", IF( COLUMN()-9 > (1 + LEN(REGEXEXTRACT($I130,""^[0-9.]+"")) - LEN(SUBSTITUTE(REGEXEXTRACT($I130,""^[0-9.]+""),""."",""""))), """", INDEX( BEC_openBDF!$A:$D, MATCH( $I130, INDEX( "&" BEC_openBDF!$A:$D, 0, (1 + LEN(REGEXEXTRACT($I130,""^[0-9.]+"")) - LEN(SUBSTITUTE(REGEXEXTRACT($I130,""^[0-9.]+""),""."",""""))) ), 0 ), COLUMN()-9 ) ) )"),"..") -> .. | L130: =IFERROR(__xludf.DUMMYFUNCTION("IF( $I130="""", """", IF( COLUMN()-9 > (1 + LEN(REGEXEXTRACT($I130,""^[0-9.]+"")) - LEN(SUBSTITUTE(REGEXEXTRACT($I130,""^[0-9.]+""),""."",""""))), """", INDEX( BEC_openBDF!$A:$D, MATCH( $I130, INDEX( "&" BEC_openBDF!$A:$D, 0, (1 + LEN(REGEXEXTRACT($I130,""^[0-9.]+"")) - LEN(SUBSTITUTE(REGEXEXTRACT($I130,""^[0-9.]+""),""."",""""))) ), 0 ), COLUMN()-9 ) ) )"),"..") -> .. | M130: =IFERROR(__xludf.DUMMYFUNCTION("IF( $I130="""", """", IF( COLUMN()-9 > (1 + LEN(REGEXEXTRACT($I130,""^[0-9.]+"")) - LEN(SUBSTITUTE(REGEXEXTRACT($I130,""^[0-9.]+""),""."",""""))), """", INDEX( BEC_openBDF!$A:$D, MATCH( $I130, INDEX( "&" BEC_openBDF!$A:$D, 0, (1 + LEN(REGEXEXTRACT($I130,""^[0-9.]+"")) - LEN(SUBSTITUTE(REGEXEXTRACT($I130,""^[0-9.]+""),""."",""""))) ), 0 ), COLUMN()-9 ) ) )"),"")
I131: .. | J131: =IFERROR(__xludf.DUMMYFUNCTION("IF( $I131="""", """", IF( COLUMN()-9 > (1 + LEN(REGEXEXTRACT($I131,""^[0-9.]+"")) - LEN(SUBSTITUTE(REGEXEXTRACT($I131,""^[0-9.]+""),""."",""""))), """", INDEX( BEC_openBDF!$A:$D, MATCH( $I131, INDEX( "&" BEC_openBDF!$A:$D, 0, (1 + LEN(REGEXEXTRACT($I131,""^[0-9.]+"")) - LEN(SUBSTITUTE(REGEXEXTRACT($I131,""^[0-9.]+""),""."",""""))) ), 0 ), COLUMN()-9 ) ) )"),"..") -> .. | K131: =IFERROR(__xludf.DUMMYFUNCTION("IF( $I131="""", """", IF( COLUMN()-9 > (1 + LEN(REGEXEXTRACT($I131,""^[0-9.]+"")) - LEN(SUBSTITUTE(REGEXEXTRACT($I131,""^[0-9.]+""),""."",""""))), """", INDEX( BEC_openBDF!$A:$D, MATCH( $I131, INDEX( "&" BEC_openBDF!$A:$D, 0, (1 + LEN(REGEXEXTRACT($I131,""^[0-9.]+"")) - LEN(SUBSTITUTE(REGEXEXTRACT($I131,""^[0-9.]+""),""."",""""))) ), 0 ), COLUMN()-9 ) ) )"),"..") -> .. | L131: =IFERROR(__xludf.DUMMYFUNCTION("IF( $I131="""", """", IF( COLUMN()-9 > (1 + LEN(REGEXEXTRACT($I131,""^[0-9.]+"")) - LEN(SUBSTITUTE(REGEXEXTRACT($I131,""^[0-9.]+""),""."",""""))), """", INDEX( BEC_openBDF!$A:$D, MATCH( $I131, INDEX( "&" BEC_openBDF!$A:$D, 0, (1 + LEN(REGEXEXTRACT($I131,""^[0-9.]+"")) - LEN(SUBSTITUTE(REGEXEXTRACT($I131,""^[0-9.]+""),""."",""""))) ), 0 ), COLUMN()-9 ) ) )"),"..") -> .. | M131: =IFERROR(__xludf.DUMMYFUNCTION("IF( $I131="""", """", IF( COLUMN()-9 > (1 + LEN(REGEXEXTRACT($I131,""^[0-9.]+"")) - LEN(SUBSTITUTE(REGEXEXTRACT($I131,""^[0-9.]+""),""."",""""))), """", INDEX( BEC_openBDF!$A:$D, MATCH( $I131, INDEX( "&" BEC_openBDF!$A:$D, 0, (1 + LEN(REGEXEXTRACT($I131,""^[0-9.]+"")) - LEN(SUBSTITUTE(REGEXEXTRACT($I131,""^[0-9.]+""),""."",""""))) ), 0 ), COLUMN()-9 ) ) )"),"")
I132: .. | J132: =IFERROR(__xludf.DUMMYFUNCTION("IF( $I132="""", """", IF( COLUMN()-9 > (1 + LEN(REGEXEXTRACT($I132,""^[0-9.]+"")) - LEN(SUBSTITUTE(REGEXEXTRACT($I132,""^[0-9.]+""),""."",""""))), """", INDEX( BEC_openBDF!$A:$D, MATCH( $I132, INDEX( "&" BEC_openBDF!$A:$D, 0, (1 + LEN(REGEXEXTRACT($I132,""^[0-9.]+"")) - LEN(SUBSTITUTE(REGEXEXTRACT($I132,""^[0-9.]+""),""."",""""))) ), 0 ), COLUMN()-9 ) ) )"),"..") -> .. | K132: =IFERROR(__xludf.DUMMYFUNCTION("IF( $I132="""", """", IF( COLUMN()-9 > (1 + LEN(REGEXEXTRACT($I132,""^[0-9.]+"")) - LEN(SUBSTITUTE(REGEXEXTRACT($I132,""^[0-9.]+""),""."",""""))), """", INDEX( BEC_openBDF!$A:$D, MATCH( $I132, INDEX( "&" BEC_openBDF!$A:$D, 0, (1 + LEN(REGEXEXTRACT($I132,""^[0-9.]+"")) - LEN(SUBSTITUTE(REGEXEXTRACT($I132,""^[0-9.]+""),""."",""""))) ), 0 ), COLUMN()-9 ) ) )"),"..") -> .. | L132: =IFERROR(__xludf.DUMMYFUNCTION("IF( $I132="""", """", IF( COLUMN()-9 > (1 + LEN(REGEXEXTRACT($I132,""^[0-9.]+"")) - LEN(SUBSTITUTE(REGEXEXTRACT($I132,""^[0-9.]+""),""."",""""))), """", INDEX( BEC_openBDF!$A:$D, MATCH( $I132, INDEX( "&" BEC_openBDF!$A:$D, 0, (1 + LEN(REGEXEXTRACT($I132,""^[0-9.]+"")) - LEN(SUBSTITUTE(REGEXEXTRACT($I132,""^[0-9.]+""),""."",""""))) ), 0 ), COLUMN()-9 ) ) )"),"..") -> .. | M132: =IFERROR(__xludf.DUMMYFUNCTION("IF( $I132="""", """", IF( COLUMN()-9 > (1 + LEN(REGEXEXTRACT($I132,""^[0-9.]+"")) - LEN(SUBSTITUTE(REGEXEXTRACT($I132,""^[0-9.]+""),""."",""""))), """", INDEX( BEC_openBDF!$A:$D, MATCH( $I132, INDEX( "&" BEC_openBDF!$A:$D, 0, (1 + LEN(REGEXEXTRACT($I132,""^[0-9.]+"")) - LEN(SUBSTITUTE(REGEXEXTRACT($I132,""^[0-9.]+""),""."",""""))) ), 0 ), COLUMN()-9 ) ) )"),"")
I133: .. | J133: =IFERROR(__xludf.DUMMYFUNCTION("IF( $I133="""", """", IF( COLUMN()-9 > (1 + LEN(REGEXEXTRACT($I133,""^[0-9.]+"")) - LEN(SUBSTITUTE(REGEXEXTRACT($I133,""^[0-9.]+""),""."",""""))), """", INDEX( BEC_openBDF!$A:$D, MATCH( $I133, INDEX( "&" BEC_openBDF!$A:$D, 0, (1 + LEN(REGEXEXTRACT($I133,""^[0-9.]+"")) - LEN(SUBSTITUTE(REGEXEXTRACT($I133,""^[0-9.]+""),""."",""""))) ), 0 ), COLUMN()-9 ) ) )"),"..") -> .. | K133: =IFERROR(__xludf.DUMMYFUNCTION("IF( $I133="""", """", IF( COLUMN()-9 > (1 + LEN(REGEXEXTRACT($I133,""^[0-9.]+"")) - LEN(SUBSTITUTE(REGEXEXTRACT($I133,""^[0-9.]+""),""."",""""))), """", INDEX( BEC_openBDF!$A:$D, MATCH( $I133, INDEX( "&" BEC_openBDF!$A:$D, 0, (1 + LEN(REGEXEXTRACT($I133,""^[0-9.]+"")) - LEN(SUBSTITUTE(REGEXEXTRACT($I133,""^[0-9.]+""),""."",""""))) ), 0 ), COLUMN()-9 ) ) )"),"..") -> .. | L133: =IFERROR(__xludf.DUMMYFUNCTION("IF( $I133="""", """", IF( COLUMN()-9 > (1 + LEN(REGEXEXTRACT($I133,""^[0-9.]+"")) - LEN(SUBSTITUTE(REGEXEXTRACT($I133,""^[0-9.]+""),""."",""""))), """", INDEX( BEC_openBDF!$A:$D, MATCH( $I133, INDEX( "&" BEC_openBDF!$A:$D, 0, (1 + LEN(REGEXEXTRACT($I133,""^[0-9.]+"")) - LEN(SUBSTITUTE(REGEXEXTRACT($I133,""^[0-9.]+""),""."",""""))) ), 0 ), COLUMN()-9 ) ) )"),"..") -> .. | M133: =IFERROR(__xludf.DUMMYFUNCTION("IF( $I133="""", """", IF( COLUMN()-9 > (1 + LEN(REGEXEXTRACT($I133,""^[0-9.]+"")) - LEN(SUBSTITUTE(REGEXEXTRACT($I133,""^[0-9.]+""),""."",""""))), """", INDEX( BEC_openBDF!$A:$D, MATCH( $I133, INDEX( "&" BEC_openBDF!$A:$D, 0, (1 + LEN(REGEXEXTRACT($I133,""^[0-9.]+"")) - LEN(SUBSTITUTE(REGEXEXTRACT($I133,""^[0-9.]+""),""."",""""))) ), 0 ), COLUMN()-9 ) ) )"),"")
I134: .. | J134: =IFERROR(__xludf.DUMMYFUNCTION("IF( $I134="""", """", IF( COLUMN()-9 > (1 + LEN(REGEXEXTRACT($I134,""^[0-9.]+"")) - LEN(SUBSTITUTE(REGEXEXTRACT($I134,""^[0-9.]+""),""."",""""))), """", INDEX( BEC_openBDF!$A:$D, MATCH( $I134, INDEX( "&" BEC_openBDF!$A:$D, 0, (1 + LEN(REGEXEXTRACT($I134,""^[0-9.]+"")) - LEN(SUBSTITUTE(REGEXEXTRACT($I134,""^[0-9.]+""),""."",""""))) ), 0 ), COLUMN()-9 ) ) )"),"..") -> .. | K134: =IFERROR(__xludf.DUMMYFUNCTION("IF( $I134="""", """", IF( COLUMN()-9 > (1 + LEN(REGEXEXTRACT($I134,""^[0-9.]+"")) - LEN(SUBSTITUTE(REGEXEXTRACT($I134,""^[0-9.]+""),""."",""""))), """", INDEX( BEC_openBDF!$A:$D, MATCH( $I134, INDEX( "&" BEC_openBDF!$A:$D, 0, (1 + LEN(REGEXEXTRACT($I134,""^[0-9.]+"")) - LEN(SUBSTITUTE(REGEXEXTRACT($I134,""^[0-9.]+""),""."",""""))) ), 0 ), COLUMN()-9 ) ) )"),"..") -> .. | L134: =IFERROR(__xludf.DUMMYFUNCTION("IF( $I134="""", """", IF( COLUMN()-9 > (1 + LEN(REGEXEXTRACT($I134,""^[0-9.]+"")) - LEN(SUBSTITUTE(REGEXEXTRACT($I134,""^[0-9.]+""),""."",""""))), """", INDEX( BEC_openBDF!$A:$D, MATCH( $I134, INDEX( "&" BEC_openBDF!$A:$D, 0, (1 + LEN(REGEXEXTRACT($I134,""^[0-9.]+"")) - LEN(SUBSTITUTE(REGEXEXTRACT($I134,""^[0-9.]+""),""."",""""))) ), 0 ), COLUMN()-9 ) ) )"),"..") -> .. | M134: =IFERROR(__xludf.DUMMYFUNCTION("IF( $I134="""", """", IF( COLUMN()-9 > (1 + LEN(REGEXEXTRACT($I134,""^[0-9.]+"")) - LEN(SUBSTITUTE(REGEXEXTRACT($I134,""^[0-9.]+""),""."",""""))), """", INDEX( BEC_openBDF!$A:$D, MATCH( $I134, INDEX( "&" BEC_openBDF!$A:$D, 0, (1 + LEN(REGEXEXTRACT($I134,""^[0-9.]+"")) - LEN(SUBSTITUTE(REGEXEXTRACT($I134,""^[0-9.]+""),""."",""""))) ), 0 ), COLUMN()-9 ) ) )"),"")
I135: .. | J135: =IFERROR(__xludf.DUMMYFUNCTION("IF( $I135="""", """", IF( COLUMN()-9 > (1 + LEN(REGEXEXTRACT($I135,""^[0-9.]+"")) - LEN(SUBSTITUTE(REGEXEXTRACT($I135,""^[0-9.]+""),""."",""""))), """", INDEX( BEC_openBDF!$A:$D, MATCH( $I135, INDEX( "&" BEC_openBDF!$A:$D, 0, (1 + LEN(REGEXEXTRACT($I135,""^[0-9.]+"")) - LEN(SUBSTITUTE(REGEXEXTRACT($I135,""^[0-9.]+""),""."",""""))) ), 0 ), COLUMN()-9 ) ) )"),"..") -> .. | K135: =IFERROR(__xludf.DUMMYFUNCTION("IF( $I135="""", """", IF( COLUMN()-9 > (1 + LEN(REGEXEXTRACT($I135,""^[0-9.]+"")) - LEN(SUBSTITUTE(REGEXEXTRACT($I135,""^[0-9.]+""),""."",""""))), """", INDEX( BEC_openBDF!$A:$D, MATCH( $I135, INDEX( "&" BEC_openBDF!$A:$D, 0, (1 + LEN(REGEXEXTRACT($I135,""^[0-9.]+"")) - LEN(SUBSTITUTE(REGEXEXTRACT($I135,""^[0-9.]+""),""."",""""))) ), 0 ), COLUMN()-9 ) ) )"),"..") -> .. | L135: =IFERROR(__xludf.DUMMYFUNCTION("IF( $I135="""", """", IF( COLUMN()-9 > (1 + LEN(REGEXEXTRACT($I135,""^[0-9.]+"")) - LEN(SUBSTITUTE(REGEXEXTRACT($I135,""^[0-9.]+""),""."",""""))), """", INDEX( BEC_openBDF!$A:$D, MATCH( $I135, INDEX( "&" BEC_openBDF!$A:$D, 0, (1 + LEN(REGEXEXTRACT($I135,""^[0-9.]+"")) - LEN(SUBSTITUTE(REGEXEXTRACT($I135,""^[0-9.]+""),""."",""""))) ), 0 ), COLUMN()-9 ) ) )"),"..") -> .. | M135: =IFERROR(__xludf.DUMMYFUNCTION("IF( $I135="""", """", IF( COLUMN()-9 > (1 + LEN(REGEXEXTRACT($I135,""^[0-9.]+"")) - LEN(SUBSTITUTE(REGEXEXTRACT($I135,""^[0-9.]+""),""."",""""))), """", INDEX( BEC_openBDF!$A:$D, MATCH( $I135, INDEX( "&" BEC_openBDF!$A:$D, 0, (1 + LEN(REGEXEXTRACT($I135,""^[0-9.]+"")) - LEN(SUBSTITUTE(REGEXEXTRACT($I135,""^[0-9.]+""),""."",""""))) ), 0 ), COLUMN()-9 ) ) )"),"")
I136: .. | J136: =IFERROR(__xludf.DUMMYFUNCTION("IF( $I136="""", """", IF( COLUMN()-9 > (1 + LEN(REGEXEXTRACT($I136,""^[0-9.]+"")) - LEN(SUBSTITUTE(REGEXEXTRACT($I136,""^[0-9.]+""),""."",""""))), """", INDEX( BEC_openBDF!$A:$D, MATCH( $I136, INDEX( "&" BEC_openBDF!$A:$D, 0, (1 + LEN(REGEXEXTRACT($I136,""^[0-9.]+"")) - LEN(SUBSTITUTE(REGEXEXTRACT($I136,""^[0-9.]+""),""."",""""))) ), 0 ), COLUMN()-9 ) ) )"),"..") -> .. | K136: =IFERROR(__xludf.DUMMYFUNCTION("IF( $I136="""", """", IF( COLUMN()-9 > (1 + LEN(REGEXEXTRACT($I136,""^[0-9.]+"")) - LEN(SUBSTITUTE(REGEXEXTRACT($I136,""^[0-9.]+""),""."",""""))), """", INDEX( BEC_openBDF!$A:$D, MATCH( $I136, INDEX( "&" BEC_openBDF!$A:$D, 0, (1 + LEN(REGEXEXTRACT($I136,""^[0-9.]+"")) - LEN(SUBSTITUTE(REGEXEXTRACT($I136,""^[0-9.]+""),""."",""""))) ), 0 ), COLUMN()-9 ) ) )"),"..") -> .. | L136: =IFERROR(__xludf.DUMMYFUNCTION("IF( $I136="""", """", IF( COLUMN()-9 > (1 + LEN(REGEXEXTRACT($I136,""^[0-9.]+"")) - LEN(SUBSTITUTE(REGEXEXTRACT($I136,""^[0-9.]+""),""."",""""))), """", INDEX( BEC_openBDF!$A:$D, MATCH( $I136, INDEX( "&" BEC_openBDF!$A:$D, 0, (1 + LEN(REGEXEXTRACT($I136,""^[0-9.]+"")) - LEN(SUBSTITUTE(REGEXEXTRACT($I136,""^[0-9.]+""),""."",""""))) ), 0 ), COLUMN()-9 ) ) )"),"..") -> .. | M136: =IFERROR(__xludf.DUMMYFUNCTION("IF( $I136="""", """", IF( COLUMN()-9 > (1 + LEN(REGEXEXTRACT($I136,""^[0-9.]+"")) - LEN(SUBSTITUTE(REGEXEXTRACT($I136,""^[0-9.]+""),""."",""""))), """", INDEX( BEC_openBDF!$A:$D, MATCH( $I136, INDEX( "&" BEC_openBDF!$A:$D, 0, (1 + LEN(REGEXEXTRACT($I136,""^[0-9.]+"")) - LEN(SUBSTITUTE(REGEXEXTRACT($I136,""^[0-9.]+""),""."",""""))) ), 0 ), COLUMN()-9 ) ) )"),"")
I137: .. | J137: =IFERROR(__xludf.DUMMYFUNCTION("IF( $I137="""", """", IF( COLUMN()-9 > (1 + LEN(REGEXEXTRACT($I137,""^[0-9.]+"")) - LEN(SUBSTITUTE(REGEXEXTRACT($I137,""^[0-9.]+""),""."",""""))), """", INDEX( BEC_openBDF!$A:$D, MATCH( $I137, INDEX( "&" BEC_openBDF!$A:$D, 0, (1 + LEN(REGEXEXTRACT($I137,""^[0-9.]+"")) - LEN(SUBSTITUTE(REGEXEXTRACT($I137,""^[0-9.]+""),""."",""""))) ), 0 ), COLUMN()-9 ) ) )"),"..") -> .. | K137: =IFERROR(__xludf.DUMMYFUNCTION("IF( $I137="""", """", IF( COLUMN()-9 > (1 + LEN(REGEXEXTRACT($I137,""^[0-9.]+"")) - LEN(SUBSTITUTE(REGEXEXTRACT($I137,""^[0-9.]+""),""."",""""))), """", INDEX( BEC_openBDF!$A:$D, MATCH( $I137, INDEX( "&" BEC_openBDF!$A:$D, 0, (1 + LEN(REGEXEXTRACT($I137,""^[0-9.]+"")) - LEN(SUBSTITUTE(REGEXEXTRACT($I137,""^[0-9.]+""),""."",""""))) ), 0 ), COLUMN()-9 ) ) )"),"..") -> .. | L137: =IFERROR(__xludf.DUMMYFUNCTION("IF( $I137="""", """", IF( COLUMN()-9 > (1 + LEN(REGEXEXTRACT($I137,""^[0-9.]+"")) - LEN(SUBSTITUTE(REGEXEXTRACT($I137,""^[0-9.]+""),""."",""""))), """", INDEX( BEC_openBDF!$A:$D, MATCH( $I137, INDEX( "&" BEC_openBDF!$A:$D, 0, (1 + LEN(REGEXEXTRACT($I137,""^[0-9.]+"")) - LEN(SUBSTITUTE(REGEXEXTRACT($I137,""^[0-9.]+""),""."",""""))) ), 0 ), COLUMN()-9 ) ) )"),"..") -> .. | M137: =IFERROR(__xludf.DUMMYFUNCTION("IF( $I137="""", """", IF( COLUMN()-9 > (1 + LEN(REGEXEXTRACT($I137,""^[0-9.]+"")) - LEN(SUBSTITUTE(REGEXEXTRACT($I137,""^[0-9.]+""),""."",""""))), """", INDEX( BEC_openBDF!$A:$D, MATCH( $I137, INDEX( "&" BEC_openBDF!$A:$D, 0, (1 + LEN(REGEXEXTRACT($I137,""^[0-9.]+"")) - LEN(SUBSTITUTE(REGEXEXTRACT($I137,""^[0-9.]+""),""."",""""))) ), 0 ), COLUMN()-9 ) ) )"),"")
I138: .. | J138: =IFERROR(__xludf.DUMMYFUNCTION("IF( $I138="""", """", IF( COLUMN()-9 > (1 + LEN(REGEXEXTRACT($I138,""^[0-9.]+"")) - LEN(SUBSTITUTE(REGEXEXTRACT($I138,""^[0-9.]+""),""."",""""))), """", INDEX( BEC_openBDF!$A:$D, MATCH( $I138, INDEX( "&" BEC_openBDF!$A:$D, 0, (1 + LEN(REGEXEXTRACT($I138,""^[0-9.]+"")) - LEN(SUBSTITUTE(REGEXEXTRACT($I138,""^[0-9.]+""),""."",""""))) ), 0 ), COLUMN()-9 ) ) )"),"..") -> .. | K138: =IFERROR(__xludf.DUMMYFUNCTION("IF( $I138="""", """", IF( COLUMN()-9 > (1 + LEN(REGEXEXTRACT($I138,""^[0-9.]+"")) - LEN(SUBSTITUTE(REGEXEXTRACT($I138,""^[0-9.]+""),""."",""""))), """", INDEX( BEC_openBDF!$A:$D, MATCH( $I138, INDEX( "&" BEC_openBDF!$A:$D, 0, (1 + LEN(REGEXEXTRACT($I138,""^[0-9.]+"")) - LEN(SUBSTITUTE(REGEXEXTRACT($I138,""^[0-9.]+""),""."",""""))) ), 0 ), COLUMN()-9 ) ) )"),"..") -> .. | L138: =IFERROR(__xludf.DUMMYFUNCTION("IF( $I138="""", """", IF( COLUMN()-9 > (1 + LEN(REGEXEXTRACT($I138,""^[0-9.]+"")) - LEN(SUBSTITUTE(REGEXEXTRACT($I138,""^[0-9.]+""),""."",""""))), """", INDEX( BEC_openBDF!$A:$D, MATCH( $I138, INDEX( "&" BEC_openBDF!$A:$D, 0, (1 + LEN(REGEXEXTRACT($I138,""^[0-9.]+"")) - LEN(SUBSTITUTE(REGEXEXTRACT($I138,""^[0-9.]+""),""."",""""))) ), 0 ), COLUMN()-9 ) ) )"),"..") -> .. | M138: =IFERROR(__xludf.DUMMYFUNCTION("IF( $I138="""", """", IF( COLUMN()-9 > (1 + LEN(REGEXEXTRACT($I138,""^[0-9.]+"")) - LEN(SUBSTITUTE(REGEXEXTRACT($I138,""^[0-9.]+""),""."",""""))), """", INDEX( BEC_openBDF!$A:$D, MATCH( $I138, INDEX( "&" BEC_openBDF!$A:$D, 0, (1 + LEN(REGEXEXTRACT($I138,""^[0-9.]+"")) - LEN(SUBSTITUTE(REGEXEXTRACT($I138,""^[0-9.]+""),""."",""""))) ), 0 ), COLUMN()-9 ) ) )"),"")
I139: .. | J139: =IFERROR(__xludf.DUMMYFUNCTION("IF( $I139="""", """", IF( COLUMN()-9 > (1 + LEN(REGEXEXTRACT($I139,""^[0-9.]+"")) - LEN(SUBSTITUTE(REGEXEXTRACT($I139,""^[0-9.]+""),""."",""""))), """", INDEX( BEC_openBDF!$A:$D, MATCH( $I139, INDEX( "&" BEC_openBDF!$A:$D, 0, (1 + LEN(REGEXEXTRACT($I139,""^[0-9.]+"")) - LEN(SUBSTITUTE(REGEXEXTRACT($I139,""^[0-9.]+""),""."",""""))) ), 0 ), COLUMN()-9 ) ) )"),"..") -> .. | K139: =IFERROR(__xludf.DUMMYFUNCTION("IF( $I139="""", """", IF( COLUMN()-9 > (1 + LEN(REGEXEXTRACT($I139,""^[0-9.]+"")) - LEN(SUBSTITUTE(REGEXEXTRACT($I139,""^[0-9.]+""),""."",""""))), """", INDEX( BEC_openBDF!$A:$D, MATCH( $I139, INDEX( "&" BEC_openBDF!$A:$D, 0, (1 + LEN(REGEXEXTRACT($I139,""^[0-9.]+"")) - LEN(SUBSTITUTE(REGEXEXTRACT($I139,""^[0-9.]+""),""."",""""))) ), 0 ), COLUMN()-9 ) ) )"),"..") -> .. | L139: =IFERROR(__xludf.DUMMYFUNCTION("IF( $I139="""", """", IF( COLUMN()-9 > (1 + LEN(REGEXEXTRACT($I139,""^[0-9.]+"")) - LEN(SUBSTITUTE(REGEXEXTRACT($I139,""^[0-9.]+""),""."",""""))), """", INDEX( BEC_openBDF!$A:$D, MATCH( $I139, INDEX( "&" BEC_openBDF!$A:$D, 0, (1 + LEN(REGEXEXTRACT($I139,""^[0-9.]+"")) - LEN(SUBSTITUTE(REGEXEXTRACT($I139,""^[0-9.]+""),""."",""""))) ), 0 ), COLUMN()-9 ) ) )"),"..") -> .. | M139: =IFERROR(__xludf.DUMMYFUNCTION("IF( $I139="""", """", IF( COLUMN()-9 > (1 + LEN(REGEXEXTRACT($I139,""^[0-9.]+"")) - LEN(SUBSTITUTE(REGEXEXTRACT($I139,""^[0-9.]+""),""."",""""))), """", INDEX( BEC_openBDF!$A:$D, MATCH( $I139, INDEX( "&" BEC_openBDF!$A:$D, 0, (1 + LEN(REGEXEXTRACT($I139,""^[0-9.]+"")) - LEN(SUBSTITUTE(REGEXEXTRACT($I139,""^[0-9.]+""),""."",""""))) ), 0 ), COLUMN()-9 ) ) )"),"")
I140: .. | J140: =IFERROR(__xludf.DUMMYFUNCTION("IF( $I140="""", """", IF( COLUMN()-9 > (1 + LEN(REGEXEXTRACT($I140,""^[0-9.]+"")) - LEN(SUBSTITUTE(REGEXEXTRACT($I140,""^[0-9.]+""),""."",""""))), """", INDEX( BEC_openBDF!$A:$D, MATCH( $I140, INDEX( "&" BEC_openBDF!$A:$D, 0, (1 + LEN(REGEXEXTRACT($I140,""^[0-9.]+"")) - LEN(SUBSTITUTE(REGEXEXTRACT($I140,""^[0-9.]+""),""."",""""))) ), 0 ), COLUMN()-9 ) ) )"),"..") -> .. | K140: =IFERROR(__xludf.DUMMYFUNCTION("IF( $I140="""", """", IF( COLUMN()-9 > (1 + LEN(REGEXEXTRACT($I140,""^[0-9.]+"")) - LEN(SUBSTITUTE(REGEXEXTRACT($I140,""^[0-9.]+""),""."",""""))), """", INDEX( BEC_openBDF!$A:$D, MATCH( $I140, INDEX( "&" BEC_openBDF!$A:$D, 0, (1 + LEN(REGEXEXTRACT($I140,""^[0-9.]+"")) - LEN(SUBSTITUTE(REGEXEXTRACT($I140,""^[0-9.]+""),""."",""""))) ), 0 ), COLUMN()-9 ) ) )"),"..") -> .. | L140: =IFERROR(__xludf.DUMMYFUNCTION("IF( $I140="""", """", IF( COLUMN()-9 > (1 + LEN(REGEXEXTRACT($I140,""^[0-9.]+"")) - LEN(SUBSTITUTE(REGEXEXTRACT($I140,""^[0-9.]+""),""."",""""))), """", INDEX( BEC_openBDF!$A:$D, MATCH( $I140, INDEX( "&" BEC_openBDF!$A:$D, 0, (1 + LEN(REGEXEXTRACT($I140,""^[0-9.]+"")) - LEN(SUBSTITUTE(REGEXEXTRACT($I140,""^[0-9.]+""),""."",""""))) ), 0 ), COLUMN()-9 ) ) )"),"..") -> .. | M140: =IFERROR(__xludf.DUMMYFUNCTION("IF( $I140="""", """", IF( COLUMN()-9 > (1 + LEN(REGEXEXTRACT($I140,""^[0-9.]+"")) - LEN(SUBSTITUTE(REGEXEXTRACT($I140,""^[0-9.]+""),""."",""""))), """", INDEX( BEC_openBDF!$A:$D, MATCH( $I140, INDEX( "&" BEC_openBDF!$A:$D, 0, (1 + LEN(REGEXEXTRACT($I140,""^[0-9.]+"")) - LEN(SUBSTITUTE(REGEXEXTRACT($I140,""^[0-9.]+""),""."",""""))) ), 0 ), COLUMN()-9 ) ) )"),"")
I141: .. | J141: =IFERROR(__xludf.DUMMYFUNCTION("IF( $I141="""", """", IF( COLUMN()-9 > (1 + LEN(REGEXEXTRACT($I141,""^[0-9.]+"")) - LEN(SUBSTITUTE(REGEXEXTRACT($I141,""^[0-9.]+""),""."",""""))), """", INDEX( BEC_openBDF!$A:$D, MATCH( $I141, INDEX( "&" BEC_openBDF!$A:$D, 0, (1 + LEN(REGEXEXTRACT($I141,""^[0-9.]+"")) - LEN(SUBSTITUTE(REGEXEXTRACT($I141,""^[0-9.]+""),""."",""""))) ), 0 ), COLUMN()-9 ) ) )"),"..") -> .. | K141: =IFERROR(__xludf.DUMMYFUNCTION("IF( $I141="""", """", IF( COLUMN()-9 > (1 + LEN(REGEXEXTRACT($I141,""^[0-9.]+"")) - LEN(SUBSTITUTE(REGEXEXTRACT($I141,""^[0-9.]+""),""."",""""))), """", INDEX( BEC_openBDF!$A:$D, MATCH( $I141, INDEX( "&" BEC_openBDF!$A:$D, 0, (1 + LEN(REGEXEXTRACT($I141,""^[0-9.]+"")) - LEN(SUBSTITUTE(REGEXEXTRACT($I141,""^[0-9.]+""),""."",""""))) ), 0 ), COLUMN()-9 ) ) )"),"..") -> .. | L141: =IFERROR(__xludf.DUMMYFUNCTION("IF( $I141="""", """", IF( COLUMN()-9 > (1 + LEN(REGEXEXTRACT($I141,""^[0-9.]+"")) - LEN(SUBSTITUTE(REGEXEXTRACT($I141,""^[0-9.]+""),""."",""""))), """", INDEX( BEC_openBDF!$A:$D, MATCH( $I141, INDEX( "&" BEC_openBDF!$A:$D, 0, (1 + LEN(REGEXEXTRACT($I141,""^[0-9.]+"")) - LEN(SUBSTITUTE(REGEXEXTRACT($I141,""^[0-9.]+""),""."",""""))) ), 0 ), COLUMN()-9 ) ) )"),"..") -> .. | M141: =IFERROR(__xludf.DUMMYFUNCTION("IF( $I141="""", """", IF( COLUMN()-9 > (1 + LEN(REGEXEXTRACT($I141,""^[0-9.]+"")) - LEN(SUBSTITUTE(REGEXEXTRACT($I141,""^[0-9.]+""),""."",""""))), """", INDEX( BEC_openBDF!$A:$D, MATCH( $I141, INDEX( "&" BEC_openBDF!$A:$D, 0, (1 + LEN(REGEXEXTRACT($I141,""^[0-9.]+"")) - LEN(SUBSTITUTE(REGEXEXTRACT($I141,""^[0-9.]+""),""."",""""))) ), 0 ), COLUMN()-9 ) ) )"),"")
I142: .. | J142: =IFERROR(__xludf.DUMMYFUNCTION("IF( $I142="""", """", IF( COLUMN()-9 > (1 + LEN(REGEXEXTRACT($I142,""^[0-9.]+"")) - LEN(SUBSTITUTE(REGEXEXTRACT($I142,""^[0-9.]+""),""."",""""))), """", INDEX( BEC_openBDF!$A:$D, MATCH( $I142, INDEX( "&" BEC_openBDF!$A:$D, 0, (1 + LEN(REGEXEXTRACT($I142,""^[0-9.]+"")) - LEN(SUBSTITUTE(REGEXEXTRACT($I142,""^[0-9.]+""),""."",""""))) ), 0 ), COLUMN()-9 ) ) )"),"..") -> .. | K142: =IFERROR(__xludf.DUMMYFUNCTION("IF( $I142="""", """", IF( COLUMN()-9 > (1 + LEN(REGEXEXTRACT($I142,""^[0-9.]+"")) - LEN(SUBSTITUTE(REGEXEXTRACT($I142,""^[0-9.]+""),""."",""""))), """", INDEX( BEC_openBDF!$A:$D, MATCH( $I142, INDEX( "&" BEC_openBDF!$A:$D, 0, (1 + LEN(REGEXEXTRACT($I142,""^[0-9.]+"")) - LEN(SUBSTITUTE(REGEXEXTRACT($I142,""^[0-9.]+""),""."",""""))) ), 0 ), COLUMN()-9 ) ) )"),"..") -> .. | L142: =IFERROR(__xludf.DUMMYFUNCTION("IF( $I142="""", """", IF( COLUMN()-9 > (1 + LEN(REGEXEXTRACT($I142,""^[0-9.]+"")) - LEN(SUBSTITUTE(REGEXEXTRACT($I142,""^[0-9.]+""),""."",""""))), """", INDEX( BEC_openBDF!$A:$D, MATCH( $I142, INDEX( "&" BEC_openBDF!$A:$D, 0, (1 + LEN(REGEXEXTRACT($I142,""^[0-9.]+"")) - LEN(SUBSTITUTE(REGEXEXTRACT($I142,""^[0-9.]+""),""."",""""))) ), 0 ), COLUMN()-9 ) ) )"),"..") -> .. | M142: =IFERROR(__xludf.DUMMYFUNCTION("IF( $I142="""", """", IF( COLUMN()-9 > (1 + LEN(REGEXEXTRACT($I142,""^[0-9.]+"")) - LEN(SUBSTITUTE(REGEXEXTRACT($I142,""^[0-9.]+""),""."",""""))), """", INDEX( BEC_openBDF!$A:$D, MATCH( $I142, INDEX( "&" BEC_openBDF!$A:$D, 0, (1 + LEN(REGEXEXTRACT($I142,""^[0-9.]+"")) - LEN(SUBSTITUTE(REGEXEXTRACT($I142,""^[0-9.]+""),""."",""""))) ), 0 ), COLUMN()-9 ) ) )"),"")
I143: .. | J143: =IFERROR(__xludf.DUMMYFUNCTION("IF( $I143="""", """", IF( COLUMN()-9 > (1 + LEN(REGEXEXTRACT($I143,""^[0-9.]+"")) - LEN(SUBSTITUTE(REGEXEXTRACT($I143,""^[0-9.]+""),""."",""""))), """", INDEX( BEC_openBDF!$A:$D, MATCH( $I143, INDEX( "&" BEC_openBDF!$A:$D, 0, (1 + LEN(REGEXEXTRACT($I143,""^[0-9.]+"")) - LEN(SUBSTITUTE(REGEXEXTRACT($I143,""^[0-9.]+""),""."",""""))) ), 0 ), COLUMN()-9 ) ) )"),"..") -> .. | K143: =IFERROR(__xludf.DUMMYFUNCTION("IF( $I143="""", """", IF( COLUMN()-9 > (1 + LEN(REGEXEXTRACT($I143,""^[0-9.]+"")) - LEN(SUBSTITUTE(REGEXEXTRACT($I143,""^[0-9.]+""),""."",""""))), """", INDEX( BEC_openBDF!$A:$D, MATCH( $I143, INDEX( "&" BEC_openBDF!$A:$D, 0, (1 + LEN(REGEXEXTRACT($I143,""^[0-9.]+"")) - LEN(SUBSTITUTE(REGEXEXTRACT($I143,""^[0-9.]+""),""."",""""))) ), 0 ), COLUMN()-9 ) ) )"),"..") -> .. | L143: =IFERROR(__xludf.DUMMYFUNCTION("IF( $I143="""", """", IF( COLUMN()-9 > (1 + LEN(REGEXEXTRACT($I143,""^[0-9.]+"")) - LEN(SUBSTITUTE(REGEXEXTRACT($I143,""^[0-9.]+""),""."",""""))), """", INDEX( BEC_openBDF!$A:$D, MATCH( $I143, INDEX( "&" BEC_openBDF!$A:$D, 0, (1 + LEN(REGEXEXTRACT($I143,""^[0-9.]+"")) - LEN(SUBSTITUTE(REGEXEXTRACT($I143,""^[0-9.]+""),""."",""""))) ), 0 ), COLUMN()-9 ) ) )"),"..") -> .. | M143: =IFERROR(__xludf.DUMMYFUNCTION("IF( $I143="""", """", IF( COLUMN()-9 > (1 + LEN(REGEXEXTRACT($I143,""^[0-9.]+"")) - LEN(SUBSTITUTE(REGEXEXTRACT($I143,""^[0-9.]+""),""."",""""))), """", INDEX( BEC_openBDF!$A:$D, MATCH( $I143, INDEX( "&" BEC_openBDF!$A:$D, 0, (1 + LEN(REGEXEXTRACT($I143,""^[0-9.]+"")) - LEN(SUBSTITUTE(REGEXEXTRACT($I143,""^[0-9.]+""),""."",""""))) ), 0 ), COLUMN()-9 ) ) )"),"")
I144: .. | J144: =IFERROR(__xludf.DUMMYFUNCTION("IF( $I144="""", """", IF( COLUMN()-9 > (1 + LEN(REGEXEXTRACT($I144,""^[0-9.]+"")) - LEN(SUBSTITUTE(REGEXEXTRACT($I144,""^[0-9.]+""),""."",""""))), """", INDEX( BEC_openBDF!$A:$D, MATCH( $I144, INDEX( "&" BEC_openBDF!$A:$D, 0, (1 + LEN(REGEXEXTRACT($I144,""^[0-9.]+"")) - LEN(SUBSTITUTE(REGEXEXTRACT($I144,""^[0-9.]+""),""."",""""))) ), 0 ), COLUMN()-9 ) ) )"),"..") -> .. | K144: =IFERROR(__xludf.DUMMYFUNCTION("IF( $I144="""", """", IF( COLUMN()-9 > (1 + LEN(REGEXEXTRACT($I144,""^[0-9.]+"")) - LEN(SUBSTITUTE(REGEXEXTRACT($I144,""^[0-9.]+""),""."",""""))), """", INDEX( BEC_openBDF!$A:$D, MATCH( $I144, INDEX( "&" BEC_openBDF!$A:$D, 0, (1 + LEN(REGEXEXTRACT($I144,""^[0-9.]+"")) - LEN(SUBSTITUTE(REGEXEXTRACT($I144,""^[0-9.]+""),""."",""""))) ), 0 ), COLUMN()-9 ) ) )"),"..") -> .. | L144: =IFERROR(__xludf.DUMMYFUNCTION("IF( $I144="""", """", IF( COLUMN()-9 > (1 + LEN(REGEXEXTRACT($I144,""^[0-9.]+"")) - LEN(SUBSTITUTE(REGEXEXTRACT($I144,""^[0-9.]+""),""."",""""))), """", INDEX( BEC_openBDF!$A:$D, MATCH( $I144, INDEX( "&" BEC_openBDF!$A:$D, 0, (1 + LEN(REGEXEXTRACT($I144,""^[0-9.]+"")) - LEN(SUBSTITUTE(REGEXEXTRACT($I144,""^[0-9.]+""),""."",""""))) ), 0 ), COLUMN()-9 ) ) )"),"..") -> .. | M144: =IFERROR(__xludf.DUMMYFUNCTION("IF( $I144="""", """", IF( COLUMN()-9 > (1 + LEN(REGEXEXTRACT($I144,""^[0-9.]+"")) - LEN(SUBSTITUTE(REGEXEXTRACT($I144,""^[0-9.]+""),""."",""""))), """", INDEX( BEC_openBDF!$A:$D, MATCH( $I144, INDEX( "&" BEC_openBDF!$A:$D, 0, (1 + LEN(REGEXEXTRACT($I144,""^[0-9.]+"")) - LEN(SUBSTITUTE(REGEXEXTRACT($I144,""^[0-9.]+""),""."",""""))) ), 0 ), COLUMN()-9 ) ) )"),"")
I145: .. | J145: =IFERROR(__xludf.DUMMYFUNCTION("IF( $I145="""", """", IF( COLUMN()-9 > (1 + LEN(REGEXEXTRACT($I145,""^[0-9.]+"")) - LEN(SUBSTITUTE(REGEXEXTRACT($I145,""^[0-9.]+""),""."",""""))), """", INDEX( BEC_openBDF!$A:$D, MATCH( $I145, INDEX( "&" BEC_openBDF!$A:$D, 0, (1 + LEN(REGEXEXTRACT($I145,""^[0-9.]+"")) - LEN(SUBSTITUTE(REGEXEXTRACT($I145,""^[0-9.]+""),""."",""""))) ), 0 ), COLUMN()-9 ) ) )"),"..") -> .. | K145: =IFERROR(__xludf.DUMMYFUNCTION("IF( $I145="""", """", IF( COLUMN()-9 > (1 + LEN(REGEXEXTRACT($I145,""^[0-9.]+"")) - LEN(SUBSTITUTE(REGEXEXTRACT($I145,""^[0-9.]+""),""."",""""))), """", INDEX( BEC_openBDF!$A:$D, MATCH( $I145, INDEX( "&" BEC_openBDF!$A:$D, 0, (1 + LEN(REGEXEXTRACT($I145,""^[0-9.]+"")) - LEN(SUBSTITUTE(REGEXEXTRACT($I145,""^[0-9.]+""),""."",""""))) ), 0 ), COLUMN()-9 ) ) )"),"..") -> .. | L145: =IFERROR(__xludf.DUMMYFUNCTION("IF( $I145="""", """", IF( COLUMN()-9 > (1 + LEN(REGEXEXTRACT($I145,""^[0-9.]+"")) - LEN(SUBSTITUTE(REGEXEXTRACT($I145,""^[0-9.]+""),""."",""""))), """", INDEX( BEC_openBDF!$A:$D, MATCH( $I145, INDEX( "&" BEC_openBDF!$A:$D, 0, (1 + LEN(REGEXEXTRACT($I145,""^[0-9.]+"")) - LEN(SUBSTITUTE(REGEXEXTRACT($I145,""^[0-9.]+""),""."",""""))) ), 0 ), COLUMN()-9 ) ) )"),"..") -> .. | M145: =IFERROR(__xludf.DUMMYFUNCTION("IF( $I145="""", """", IF( COLUMN()-9 > (1 + LEN(REGEXEXTRACT($I145,""^[0-9.]+"")) - LEN(SUBSTITUTE(REGEXEXTRACT($I145,""^[0-9.]+""),""."",""""))), """", INDEX( BEC_openBDF!$A:$D, MATCH( $I145, INDEX( "&" BEC_openBDF!$A:$D, 0, (1 + LEN(REGEXEXTRACT($I145,""^[0-9.]+"")) - LEN(SUBSTITUTE(REGEXEXTRACT($I145,""^[0-9.]+""),""."",""""))) ), 0 ), COLUMN()-9 ) ) )"),"")
I146: .. | J146: =IFERROR(__xludf.DUMMYFUNCTION("IF( $I146="""", """", IF( COLUMN()-9 > (1 + LEN(REGEXEXTRACT($I146,""^[0-9.]+"")) - LEN(SUBSTITUTE(REGEXEXTRACT($I146,""^[0-9.]+""),""."",""""))), """", INDEX( BEC_openBDF!$A:$D, MATCH( $I146, INDEX( "&" BEC_openBDF!$A:$D, 0, (1 + LEN(REGEXEXTRACT($I146,""^[0-9.]+"")) - LEN(SUBSTITUTE(REGEXEXTRACT($I146,""^[0-9.]+""),""."",""""))) ), 0 ), COLUMN()-9 ) ) )"),"..") -> .. | K146: =IFERROR(__xludf.DUMMYFUNCTION("IF( $I146="""", """", IF( COLUMN()-9 > (1 + LEN(REGEXEXTRACT($I146,""^[0-9.]+"")) - LEN(SUBSTITUTE(REGEXEXTRACT($I146,""^[0-9.]+""),""."",""""))), """", INDEX( BEC_openBDF!$A:$D, MATCH( $I146, INDEX( "&" BEC_openBDF!$A:$D, 0, (1 + LEN(REGEXEXTRACT($I146,""^[0-9.]+"")) - LEN(SUBSTITUTE(REGEXEXTRACT($I146,""^[0-9.]+""),""."",""""))) ), 0 ), COLUMN()-9 ) ) )"),"..") -> .. | L146: =IFERROR(__xludf.DUMMYFUNCTION("IF( $I146="""", """", IF( COLUMN()-9 > (1 + LEN(REGEXEXTRACT($I146,""^[0-9.]+"")) - LEN(SUBSTITUTE(REGEXEXTRACT($I146,""^[0-9.]+""),""."",""""))), """", INDEX( BEC_openBDF!$A:$D, MATCH( $I146, INDEX( "&" BEC_openBDF!$A:$D, 0, (1 + LEN(REGEXEXTRACT($I146,""^[0-9.]+"")) - LEN(SUBSTITUTE(REGEXEXTRACT($I146,""^[0-9.]+""),""."",""""))) ), 0 ), COLUMN()-9 ) ) )"),"..") -> .. | M146: =IFERROR(__xludf.DUMMYFUNCTION("IF( $I146="""", """", IF( COLUMN()-9 > (1 + LEN(REGEXEXTRACT($I146,""^[0-9.]+"")) - LEN(SUBSTITUTE(REGEXEXTRACT($I146,""^[0-9.]+""),""."",""""))), """", INDEX( BEC_openBDF!$A:$D, MATCH( $I146, INDEX( "&" BEC_openBDF!$A:$D, 0, (1 + LEN(REGEXEXTRACT($I146,""^[0-9.]+"")) - LEN(SUBSTITUTE(REGEXEXTRACT($I146,""^[0-9.]+""),""."",""""))) ), 0 ), COLUMN()-9 ) ) )"),"")
I147: .. | J147: =IFERROR(__xludf.DUMMYFUNCTION("IF( $I147="""", """", IF( COLUMN()-9 > (1 + LEN(REGEXEXTRACT($I147,""^[0-9.]+"")) - LEN(SUBSTITUTE(REGEXEXTRACT($I147,""^[0-9.]+""),""."",""""))), """", INDEX( BEC_openBDF!$A:$D, MATCH( $I147, INDEX( "&" BEC_openBDF!$A:$D, 0, (1 + LEN(REGEXEXTRACT($I147,""^[0-9.]+"")) - LEN(SUBSTITUTE(REGEXEXTRACT($I147,""^[0-9.]+""),""."",""""))) ), 0 ), COLUMN()-9 ) ) )"),"..") -> .. | K147: =IFERROR(__xludf.DUMMYFUNCTION("IF( $I147="""", """", IF( COLUMN()-9 > (1 + LEN(REGEXEXTRACT($I147,""^[0-9.]+"")) - LEN(SUBSTITUTE(REGEXEXTRACT($I147,""^[0-9.]+""),""."",""""))), """", INDEX( BEC_openBDF!$A:$D, MATCH( $I147, INDEX( "&" BEC_openBDF!$A:$D, 0, (1 + LEN(REGEXEXTRACT($I147,""^[0-9.]+"")) - LEN(SUBSTITUTE(REGEXEXTRACT($I147,""^[0-9.]+""),""."",""""))) ), 0 ), COLUMN()-9 ) ) )"),"..") -> .. | L147: =IFERROR(__xludf.DUMMYFUNCTION("IF( $I147="""", """", IF( COLUMN()-9 > (1 + LEN(REGEXEXTRACT($I147,""^[0-9.]+"")) - LEN(SUBSTITUTE(REGEXEXTRACT($I147,""^[0-9.]+""),""."",""""))), """", INDEX( BEC_openBDF!$A:$D, MATCH( $I147, INDEX( "&" BEC_openBDF!$A:$D, 0, (1 + LEN(REGEXEXTRACT($I147,""^[0-9.]+"")) - LEN(SUBSTITUTE(REGEXEXTRACT($I147,""^[0-9.]+""),""."",""""))) ), 0 ), COLUMN()-9 ) ) )"),"..") -> .. | M147: =IFERROR(__xludf.DUMMYFUNCTION("IF( $I147="""", """", IF( COLUMN()-9 > (1 + LEN(REGEXEXTRACT($I147,""^[0-9.]+"")) - LEN(SUBSTITUTE(REGEXEXTRACT($I147,""^[0-9.]+""),""."",""""))), """", INDEX( BEC_openBDF!$A:$D, MATCH( $I147, INDEX( "&" BEC_openBDF!$A:$D, 0, (1 + LEN(REGEXEXTRACT($I147,""^[0-9.]+"")) - LEN(SUBSTITUTE(REGEXEXTRACT($I147,""^[0-9.]+""),""."",""""))) ), 0 ), COLUMN()-9 ) ) )"),"")
I148: .. | J148: =IFERROR(__xludf.DUMMYFUNCTION("IF( $I148="""", """", IF( COLUMN()-9 > (1 + LEN(REGEXEXTRACT($I148,""^[0-9.]+"")) - LEN(SUBSTITUTE(REGEXEXTRACT($I148,""^[0-9.]+""),""."",""""))), """", INDEX( BEC_openBDF!$A:$D, MATCH( $I148, INDEX( "&" BEC_openBDF!$A:$D, 0, (1 + LEN(REGEXEXTRACT($I148,""^[0-9.]+"")) - LEN(SUBSTITUTE(REGEXEXTRACT($I148,""^[0-9.]+""),""."",""""))) ), 0 ), COLUMN()-9 ) ) )"),"..") -> .. | K148: =IFERROR(__xludf.DUMMYFUNCTION("IF( $I148="""", """", IF( COLUMN()-9 > (1 + LEN(REGEXEXTRACT($I148,""^[0-9.]+"")) - LEN(SUBSTITUTE(REGEXEXTRACT($I148,""^[0-9.]+""),""."",""""))), """", INDEX( BEC_openBDF!$A:$D, MATCH( $I148, INDEX( "&" BEC_openBDF!$A:$D, 0, (1 + LEN(REGEXEXTRACT($I148,""^[0-9.]+"")) - LEN(SUBSTITUTE(REGEXEXTRACT($I148,""^[0-9.]+""),""."",""""))) ), 0 ), COLUMN()-9 ) ) )"),"..") -> .. | L148: =IFERROR(__xludf.DUMMYFUNCTION("IF( $I148="""", """", IF( COLUMN()-9 > (1 + LEN(REGEXEXTRACT($I148,""^[0-9.]+"")) - LEN(SUBSTITUTE(REGEXEXTRACT($I148,""^[0-9.]+""),""."",""""))), """", INDEX( BEC_openBDF!$A:$D, MATCH( $I148, INDEX( "&" BEC_openBDF!$A:$D, 0, (1 + LEN(REGEXEXTRACT($I148,""^[0-9.]+"")) - LEN(SUBSTITUTE(REGEXEXTRACT($I148,""^[0-9.]+""),""."",""""))) ), 0 ), COLUMN()-9 ) ) )"),"..") -> .. | M148: =IFERROR(__xludf.DUMMYFUNCTION("IF( $I148="""", """", IF( COLUMN()-9 > (1 + LEN(REGEXEXTRACT($I148,""^[0-9.]+"")) - LEN(SUBSTITUTE(REGEXEXTRACT($I148,""^[0-9.]+""),""."",""""))), """", INDEX( BEC_openBDF!$A:$D, MATCH( $I148, INDEX( "&" BEC_openBDF!$A:$D, 0, (1 + LEN(REGEXEXTRACT($I148,""^[0-9.]+"")) - LEN(SUBSTITUTE(REGEXEXTRACT($I148,""^[0-9.]+""),""."",""""))) ), 0 ), COLUMN()-9 ) ) )"),"")
I149: .. | J149: =IFERROR(__xludf.DUMMYFUNCTION("IF( $I149="""", """", IF( COLUMN()-9 > (1 + LEN(REGEXEXTRACT($I149,""^[0-9.]+"")) - LEN(SUBSTITUTE(REGEXEXTRACT($I149,""^[0-9.]+""),""."",""""))), """", INDEX( BEC_openBDF!$A:$D, MATCH( $I149, INDEX( "&" BEC_openBDF!$A:$D, 0, (1 + LEN(REGEXEXTRACT($I149,""^[0-9.]+"")) - LEN(SUBSTITUTE(REGEXEXTRACT($I149,""^[0-9.]+""),""."",""""))) ), 0 ), COLUMN()-9 ) ) )"),"..") -> .. | K149: =IFERROR(__xludf.DUMMYFUNCTION("IF( $I149="""", """", IF( COLUMN()-9 > (1 + LEN(REGEXEXTRACT($I149,""^[0-9.]+"")) - LEN(SUBSTITUTE(REGEXEXTRACT($I149,""^[0-9.]+""),""."",""""))), """", INDEX( BEC_openBDF!$A:$D, MATCH( $I149, INDEX( "&" BEC_openBDF!$A:$D, 0, (1 + LEN(REGEXEXTRACT($I149,""^[0-9.]+"")) - LEN(SUBSTITUTE(REGEXEXTRACT($I149,""^[0-9.]+""),""."",""""))) ), 0 ), COLUMN()-9 ) ) )"),"..") -> .. | L149: =IFERROR(__xludf.DUMMYFUNCTION("IF( $I149="""", """", IF( COLUMN()-9 > (1 + LEN(REGEXEXTRACT($I149,""^[0-9.]+"")) - LEN(SUBSTITUTE(REGEXEXTRACT($I149,""^[0-9.]+""),""."",""""))), """", INDEX( BEC_openBDF!$A:$D, MATCH( $I149, INDEX( "&" BEC_openBDF!$A:$D, 0, (1 + LEN(REGEXEXTRACT($I149,""^[0-9.]+"")) - LEN(SUBSTITUTE(REGEXEXTRACT($I149,""^[0-9.]+""),""."",""""))) ), 0 ), COLUMN()-9 ) ) )"),"..") -> .. | M149: =IFERROR(__xludf.DUMMYFUNCTION("IF( $I149="""", """", IF( COLUMN()-9 > (1 + LEN(REGEXEXTRACT($I149,""^[0-9.]+"")) - LEN(SUBSTITUTE(REGEXEXTRACT($I149,""^[0-9.]+""),""."",""""))), """", INDEX( BEC_openBDF!$A:$D, MATCH( $I149, INDEX( "&" BEC_openBDF!$A:$D, 0, (1 + LEN(REGEXEXTRACT($I149,""^[0-9.]+"")) - LEN(SUBSTITUTE(REGEXEXTRACT($I149,""^[0-9.]+""),""."",""""))) ), 0 ), COLUMN()-9 ) ) )"),"")
I150: .. | J150: =IFERROR(__xludf.DUMMYFUNCTION("IF( $I150="""", """", IF( COLUMN()-9 > (1 + LEN(REGEXEXTRACT($I150,""^[0-9.]+"")) - LEN(SUBSTITUTE(REGEXEXTRACT($I150,""^[0-9.]+""),""."",""""))), """", INDEX( BEC_openBDF!$A:$D, MATCH( $I150, INDEX( "&" BEC_openBDF!$A:$D, 0, (1 + LEN(REGEXEXTRACT($I150,""^[0-9.]+"")) - LEN(SUBSTITUTE(REGEXEXTRACT($I150,""^[0-9.]+""),""."",""""))) ), 0 ), COLUMN()-9 ) ) )"),"..") -> .. | K150: =IFERROR(__xludf.DUMMYFUNCTION("IF( $I150="""", """", IF( COLUMN()-9 > (1 + LEN(REGEXEXTRACT($I150,""^[0-9.]+"")) - LEN(SUBSTITUTE(REGEXEXTRACT($I150,""^[0-9.]+""),""."",""""))), """", INDEX( BEC_openBDF!$A:$D, MATCH( $I150, INDEX( "&" BEC_openBDF!$A:$D, 0, (1 + LEN(REGEXEXTRACT($I150,""^[0-9.]+"")) - LEN(SUBSTITUTE(REGEXEXTRACT($I150,""^[0-9.]+""),""."",""""))) ), 0 ), COLUMN()-9 ) ) )"),"..") -> .. | L150: =IFERROR(__xludf.DUMMYFUNCTION("IF( $I150="""", """", IF( COLUMN()-9 > (1 + LEN(REGEXEXTRACT($I150,""^[0-9.]+"")) - LEN(SUBSTITUTE(REGEXEXTRACT($I150,""^[0-9.]+""),""."",""""))), """", INDEX( BEC_openBDF!$A:$D, MATCH( $I150, INDEX( "&" BEC_openBDF!$A:$D, 0, (1 + LEN(REGEXEXTRACT($I150,""^[0-9.]+"")) - LEN(SUBSTITUTE(REGEXEXTRACT($I150,""^[0-9.]+""),""."",""""))) ), 0 ), COLUMN()-9 ) ) )"),"..") -> .. | M150: =IFERROR(__xludf.DUMMYFUNCTION("IF( $I150="""", """", IF( COLUMN()-9 > (1 + LEN(REGEXEXTRACT($I150,""^[0-9.]+"")) - LEN(SUBSTITUTE(REGEXEXTRACT($I150,""^[0-9.]+""),""."",""""))), """", INDEX( BEC_openBDF!$A:$D, MATCH( $I150, INDEX( "&" BEC_openBDF!$A:$D, 0, (1 + LEN(REGEXEXTRACT($I150,""^[0-9.]+"")) - LEN(SUBSTITUTE(REGEXEXTRACT($I150,""^[0-9.]+""),""."",""""))) ), 0 ), COLUMN()-9 ) ) )"),"")
